<?xml version="1.0" encoding="UTF-8"?>

<beans 
	xmlns="http://www.springframework.org/schema/beans"
	xmlns:aop="http://www.springframework.org/schema/aop"
	xmlns:tx="http://www.springframework.org/schema/tx"
	xmlns:xsi="http://www.w3.org/2001/XMLSchema-instance"
	xsi:schemaLocation="
		http://www.springframework.org/schema/aop
	    http://www.springframework.org/schema/aop/spring-aop-2.5.xsd
		http://www.springframework.org/schema/beans 
		http://www.springframework.org/schema/beans/spring-beans-2.5.xsd
        http://www.springframework.org/schema/tx 
        http://www.springframework.org/schema/tx/spring-tx-2.5.xsd">
	
	<!-- ======================== Configuracion de la transaccionalidad =============== -->		
    <bean id="administracion2.viatico.txManager" class="org.springframework.transaction.jta.WebLogicJtaTransactionManager" >
      <property name="transactionManagerName" value="javax.transaction.TransactionManager"/>
      <property name="defaultTimeout" value="900"/>   
    </bean>
    
    <!-- Aspecto que asigna y limpia la variable de entorno para los triggers -->
	<bean id="administracion2.accesoAdvice" class="pe.gob.sunat.recurso2.financiera.siga.viatico.aop.AccesoAdvice" scope="prototype">
		<property name="accesoDAO" ref="accesoDao"/>
	</bean>
	
	<aop:config>
  		<aop:pointcut id="administracion2.viatico.default.pointcut" 
  		expression="execution(* pe.gob.sunat.recurso2.financiera.siga.viatico.solicitud.service.RegistroSolicitudServiceImpl.registrar*(..)) or
  					execution(* pe.gob.sunat.recurso2.financiera.siga.viatico.solicitud.service.RegistroSolicitudServiceImpl.actualizar*(..)) or
  					execution(* pe.gob.sunat.recurso2.financiera.siga.viatico.solicitud.service.RegistroSolicitudServiceImpl.enviar*(..)) or
  					execution(* pe.gob.sunat.recurso2.financiera.siga.viatico.solicitud.service.RegistroSolicitudServiceImpl.darAltaSolicitud*(..)) or
  					execution(* pe.gob.sunat.recurso2.financiera.siga.viatico.solicitud.service.RegistroSolicitudServiceImpl.anularSolicitud*(..)) or
  					execution(* pe.gob.sunat.recurso2.financiera.siga.viatico.solicitud.service.RegistroSolicitudServiceImpl.rechazarSolicitud*(..)) or
  					execution(* pe.gob.sunat.recurso2.financiera.siga.viatico.solicitud.service.RevisionSolicitudServiceImpl.autorizarSolicitud*(..)) or
  					execution(* pe.gob.sunat.recurso2.financiera.siga.viatico.solicitud.service.RevisionSolicitudServiceImpl.observarSolicitud*(..)) or
  					execution(* pe.gob.sunat.recurso2.financiera.siga.viatico.solicitud.service.RevisionSolicitudServiceImpl.anularSolicitud*(..)) or
  					execution(* pe.gob.sunat.recurso2.financiera.siga.viatico.rendicion.service.RegistroRendicionServiceImpl.registrar*(..)) or
  					execution(* pe.gob.sunat.recurso2.financiera.siga.viatico.rendicion.service.RegistroRendicionServiceImpl.registrarRendicion*(..)) or
  					execution(* pe.gob.sunat.recurso2.financiera.siga.viatico.rendicion.service.RegistroRendicionServiceImpl.cerrarRendicion*(..)) or
  					execution(* pe.gob.sunat.recurso2.financiera.siga.viatico.rendicion.service.RegistroRendicionServiceImpl.eliminar*(..)) or
  					execution(* pe.gob.sunat.recurso2.financiera.siga.viatico.rendicion.service.RegistroRendicionServiceImpl.desasociar*(..)) or
  					execution(* pe.gob.sunat.recurso2.financiera.siga.viatico.rendicion.service.RevisionRendicionServiceImpl.anular*(..)) or
  					execution(* pe.gob.sunat.recurso2.financiera.siga.viatico.rendicion.service.RevisionRendicionServiceImpl.reprogramar*(..)) or
  					execution(* pe.gob.sunat.recurso2.financiera.siga.viatico.rendicion.service.RevisionRendicionServiceImpl.enviarSegundaNotificacion*(..)) or
  					execution(* pe.gob.sunat.recurso2.financiera.siga.viatico.reembolso.service.RegistroReembolsoServiceImpl.registrar*(..)) or
  					execution(* pe.gob.sunat.recurso2.financiera.siga.viatico.reembolso.service.RegistroReembolsoServiceImpl.actualizar*(..)) or
  					execution(* pe.gob.sunat.recurso2.financiera.siga.viatico.reembolso.service.RegistroReembolsoServiceImpl.enviar*(..)) or
  					execution(* pe.gob.sunat.recurso2.administracion.siga.registro.service.RegistroPersonalServiceImpl.registrarNuevaPersonaNew(..)) or
  					execution(* pe.gob.sunat.recurso2.administracion.siga.registro.service.RegistroPersonalServiceImpl.registrarActualizaRucNew(..)) or
  					execution(* pe.gob.sunat.recurso2.financiera.siga.viatico.service.ViaticoExpedienteServiceImpl.crear*(..)) or
   					execution(* pe.gob.sunat.recurso2.financiera.siga.viatico.service.ViaticoRegistroServiceImpl.registrar*(..))
  								   
  					 "/>
  		
  		<aop:advisor id="accesoAdvisor" advice-ref="administracion2.accesoAdvice" pointcut-ref="administracion2.viatico.default.pointcut" order="1"/>
  		<aop:advisor advice-ref="administracion2.viatico.txAdvice" pointcut-ref="administracion2.viatico.default.pointcut" order="2" />
	</aop:config>
	
	
	<aop:config>
  		<aop:pointcut id="administracion2.viatico.cron.pointcut" 
  		expression="execution(* pe.gob.sunat.recurso2.financiera.siga.viatico.service.ViaticoProcesoServiceImpl.obtenerLista*(..)) or
  		execution(* pe.gob.sunat.recurso2.financiera.siga.viatico.service.ViaticoMensajeriaServiceImpl.enviarNotificacion*(..)) 
  					 "/>
   		<aop:advisor advice-ref="administracion2.viatico.txAdvice" pointcut-ref="administracion2.viatico.default.pointcut" order="1" />
	</aop:config>
	
	<tx:advice id="administracion2.viatico.txAdvice" transaction-manager="administracion2.viatico.txManager">
  		<tx:attributes>
  			<tx:method name="registrar*" propagation="REQUIRED" rollback-for="java.lang.Exception"/>
  			<tx:method name="actualizar*" propagation="REQUIRED" rollback-for="java.lang.Exception"/>
  			<tx:method name="crear*" propagation="REQUIRED" rollback-for="java.lang.Exception"/>
  			<tx:method name="enviar*" propagation="REQUIRED" rollback-for="java.lang.Exception"/>
  			<tx:method name="eliminar*" propagation="REQUIRED" rollback-for="java.lang.Exception"/>
  			<tx:method name="anular*" propagation="REQUIRED" rollback-for="java.lang.Exception"/>
  			
  			
  		</tx:attributes>
	</tx:advice>
 	 
</beans>
