<?xml version="1.0" encoding="UTF-8"?>

<beans xmlns="http://www.springframework.org/schema/beans"
	xmlns:aop="http://www.springframework.org/schema/aop" xmlns:p="http://www.springframework.org/schema/p"
	xmlns:jee="http://www.springframework.org/schema/jee" xmlns:tx="http://www.springframework.org/schema/tx"
	xmlns:xsi="http://www.w3.org/2001/XMLSchema-instance"
	xsi:schemaLocation="
		http://www.springframework.org/schema/aop
	    http://www.springframework.org/schema/aop/spring-aop-2.5.xsd
		http://www.springframework.org/schema/beans 
		http://www.springframework.org/schema/beans/spring-beans-2.5.xsd
	    http://www.springframework.org/schema/jee
        http://www.springframework.org/schema/jee/spring-jee-2.5.xsd
        http://www.springframework.org/schema/tx 
        http://www.springframework.org/schema/tx/spring-tx-2.5.xsd">

	<!-- ======================== Configuracion de los datasource =============== -->
	
	<jee:jndi-lookup id="notificacionDSGrabacion" jndi-name="jdbc/dginsumo" resource-ref="true" />
	
	
	<!-- ======================== SqlMap setup for iBATIS Database Layer =============== -->
	
	<bean id="notificacion.sqlMapClient" class="org.springframework.orm.ibatis.SqlMapClientFactoryBean"
		p:configLocation="classpath:notificacion-model-sql-map-config.xml"
		p:dataSource-ref="notificacionDSGrabacion" />
		
	
	
	<!-- ======================== BASE ====================================================== -->
	
	<bean id="notificacion.daoBase.siga" class="pe.gob.sunat.framework.spring.util.dao.SqlMapDAOBase"
		p:sqlMapClient-ref="notificacion.sqlMapClient" />
	
	
		
	<!-- ======================== NOTIFICACION ====================================================== -->
	
	<bean id="notificacion.registroAfiliacionDAO"
		class="pe.gob.sunat.iqbf2.registro.notificacion.model.dao.ibatis.SqlMapRegistroAfiliacionDAOImpl"
		parent="notificacion.daoBase.siga" />

	<bean id="notificacion.documentoIqbfDAO"
		class="pe.gob.sunat.iqbf2.registro.notificacion.model.dao.ibatis.SqlMapDocumentoIqbfDAOImpl"
		parent="notificacion.daoBase.siga" />
		
	<bean id="notificacion.paqueteDAO"
		class="pe.gob.sunat.iqbf2.registro.notificacion.model.dao.ibatis.SqlMapPaqueteDAOImpl"
		parent="notificacion.daoBase.siga" />
		
	<bean id="notificacion.paqueteDocumentoDAO"
		class="pe.gob.sunat.iqbf2.registro.notificacion.model.dao.ibatis.SqlMapPaqueteDocumentoDAOImpl"
		parent="notificacion.daoBase.siga" />
		
	<bean id="notificacion.tipoDocumentoDAO"
		class="pe.gob.sunat.iqbf2.registro.notificacion.model.dao.ibatis.SqlMapTipoDocumentoDAOImpl"
		parent="notificacion.daoBase.siga" />
		
	<bean id="notificacion.tipoProcedimientoDAO"
		class="pe.gob.sunat.iqbf2.registro.notificacion.model.dao.ibatis.SqlTipoProcedimientoDAOImpl"
		parent="notificacion.daoBase.siga" />
		
	
		
</beans>
