<?xml version="1.0" encoding="UTF-8"?>
<beans xmlns="http://www.springframework.org/schema/beans"
	xmlns:xsi="http://www.w3.org/2001/XMLSchema-instance" xmlns:aop="http://www.springframework.org/schema/aop"
	xmlns:context="http://www.springframework.org/schema/context"
	xsi:schemaLocation="
		http://www.springframework.org/schema/beans http://www.springframework.org/schema/beans/spring-beans-2.5.xsd
		http://www.springframework.org/schema/aop http://www.springframework.org/schema/aop/spring-aop-2.5.xsd
		http://www.springframework.org/schema/context http://www.springframework.org/schema/context/spring-context-2.5.xsd">

	<import resource="classpath*:notificacion-model-data.xml" />
	<import resource="classpath*:notificacion-tx.xml" />


	<!-- ======Notificacion ===================================================== -->
	
	<bean id="notificacion.registroAfiliacionService" class="pe.gob.sunat.iqbf2.registro.notificacion.afiliacion.service.RegistroAfiliacionServiceImpl">
		<property name="registroAfiliacionDAO" ref="notificacion.registroAfiliacionDAO" />
	</bean>
	<bean id="notificacion.notificacionMensajeriaService" class="pe.gob.sunat.iqbf2.registro.notificacion.service.NotificacionMensajeriaServiceImpl">
		
	</bean>
	
	<bean id="notificacion.documentoIndividualService" class="pe.gob.sunat.iqbf2.registro.notificacion.documento.service.DocumentoIndividualServiceImpl">
		<property name="documentoIqbfDAO" ref="notificacion.documentoIqbfDAO" />
		<property name="paqueteDocumentoDAO" ref="notificacion.paqueteDocumentoDAO" />
		<property name="notificacionMensajeriaService" ref="notificacion.notificacionMensajeriaService" />
	</bean>
	
	<bean id="notificacion.NotificacionService" class="pe.gob.sunat.iqbf2.registro.notificacion.service.NotificacionServiceImpl">
		<property name="tipoDocumentoDAO" ref="notificacion.tipoDocumentoDAO" />
		<property name="tipoProcedimientoDAO" ref="notificacion.tipoProcedimientoDAO" />
		
	</bean>
	
	
	
</beans>