<?xml version="1.0" encoding="UTF-8"?>
<beans xmlns="http://www.springframework.org/schema/beans"
	xmlns:xsi="http://www.w3.org/2001/XMLSchema-instance" xmlns:aop="http://www.springframework.org/schema/aop"
	xmlns:context="http://www.springframework.org/schema/context"
	xsi:schemaLocation="
		http://www.springframework.org/schema/beans http://www.springframework.org/schema/beans/spring-beans-2.5.xsd
		http://www.springframework.org/schema/aop http://www.springframework.org/schema/aop/spring-aop-2.5.xsd
		http://www.springframework.org/schema/context http://www.springframework.org/schema/context/spring-context-2.5.xsd">

	<import resource="classpath*:siga-viatico-model-data.xml" />
	<import resource="classpath*:siga-viatico-util.xml" />
	<import resource="classpath*:siga-viatico-tx.xml" />
	<import resource="classpath*:firmadigital-siga.xml" />

	<!-- ======VIATICO ===================================================== -->
	
	<bean id="viatico.viaticoGeneralService" class="pe.gob.sunat.recurso2.financiera.siga.viatico.service.ViaticoGeneralServiceImpl">
		<property name="registradorViaticoDAO" ref="viatico.registradorViaticoDAO" />
		<property name="prgAnnoDao" ref="viatico.prgAnnoDao" />
		<property name="tXXX8LugarUbigeoDAO" ref="viatico.txxx8LugarUbigeoDAO" />
		<property name="metasDAO" ref="viatico.metasDAO" />
		<property name="licenciaDAO" ref="sp.licenciaDAO" />
		<property name="vacacionDAO" ref="sp.vacacionDAO" />
		<property name="t01ParametroDAO" ref="t01ParametroDao" />
		<property name="cuentaCorrienteDAO" ref="viatico.cuentaCorrienteDAO" />
		<property name="tipoDocumentoDAO" ref="viatico.tipoDocumentoDAO" />
		<property name="planViajeRendicionDAO" ref="viatico.planViajeRendicionDAO" />	
		<property name="registroPersonalService" ref="registro.registroPersonalService" />	
	</bean>
	
	<bean id="viatico.viaticoService" class="pe.gob.sunat.recurso2.financiera.siga.viatico.service.ViaticoServiceImpl">
		<property name="conceptoPlanillaViaticosDAO" ref="viatico.conceptoPlanillaViaticosDAO" />
		<property name="planViajeDAO" ref="viatico.planViajeDAO" />
	</bean>
	
	<bean id="viatico.revisionGeneralService" class="pe.gob.sunat.recurso2.financiera.siga.viatico.service.RevisionGeneralServiceImpl">

	</bean>
	
	<bean id="viatico.registroSolicitudService" class="pe.gob.sunat.recurso2.financiera.siga.viatico.solicitud.service.RegistroSolicitudServiceImpl">
		<property name="planViajeDAO" ref="viatico.planViajeDAO" />
		<property name="planViajeDestinoDAO" ref="viatico.planViajeDestinoDAO" />
		<property name="planViajeConceptoDAO" ref="viatico.planViajeConceptoDAO" />		
		<property name="registroPersonalService" ref="registro.registroPersonalService" />
		<property name="viaticoExpedienteService" ref="viatico.viaticoExpedienteService" />
		<property name="viaticoMensajeriaService" ref="viatico.viaticoMensajeriaService" />
		<property name="registroDependenciaService" ref="registro.registroDependenciasService" />
		<property name="registroArchivosService" ref="registro.registroArchivosService" />
		<property name="grabarDocumentoFirmaService" ref="grabarDocumentoFirmaService" />
	</bean>	
	
	<bean id="viatico.consultaSolicitudService" class="pe.gob.sunat.recurso2.financiera.siga.viatico.solicitud.service.ConsultaSolicitudServiceImpl">
		<property name="planViajeDAO" ref="viatico.planViajeDAO" />
		<property name="planViajeDestinoDAO" ref="viatico.planViajeDestinoDAO" />
		<property name="planViajeConceptoDAO" ref="viatico.planViajeConceptoDAO" />
		<property name="tXXX8LugarUbigeoDAO" ref="viatico.txxx8LugarUbigeoDAO" />
		<property name="registroGeneralService" ref="registro.registroGeneralService" />
		<property name="nivelDAO" ref="viatico.nivelDAO" />
		<property name="tipoCambioDAO" ref="viatico.tipoCambioDAO" />
		<property name="registroPersonalService" ref="registro.registroPersonalService" />
		<property name="viaticoService" ref="viatico.viaticoService" />
		<property name="cuentaCorrienteDAO" ref="viatico.cuentaCorrienteDAO" />
	</bean>
	
	<bean id="viatico.revisionSolicitudService" class="pe.gob.sunat.recurso2.financiera.siga.viatico.solicitud.service.RevisionSolicitudServiceImpl">
		<property name="consultaSolicitudService" ref="viatico.consultaSolicitudService" />
		<property name="viaticoExpedienteService" ref="viatico.viaticoExpedienteService" />
		<property name="planViajeDAO" ref="viatico.planViajeDAO" />
	</bean>
	
	<bean id="viatico.registroRendicionService" class="pe.gob.sunat.recurso2.financiera.siga.viatico.rendicion.service.RegistroRendicionServiceImpl">
		<property name="viaticoGeneralService" ref="viatico.viaticoGeneralService" />
		<property name="viaticoConsultaService" ref="viatico.viaticoConsultaService" />
		<property name="viaticoRegistroService" ref="viatico.viaticoRegistroService" />
		<property name="viaticoExpedienteService" ref="viatico.viaticoExpedienteService" />
		<property name="registroArchivosService" ref="registro.registroArchivosService" />
		<property name="planViajeDAO" ref="viatico.planViajeDAO" />
		<property name="papeletaDepositoDAO" ref="viatico.papeletaDepositoDAO" />
	</bean>
	
	<bean id="viatico.consultaRendicionService" class="pe.gob.sunat.recurso2.financiera.siga.viatico.rendicion.service.ConsultaRendicionServiceImpl">
		<property name="viaticoConsultaService" ref="viatico.viaticoConsultaService" />
		<property name="registroPersonalService" ref="registro.registroPersonalService" />
		<property name="viaticoService" ref="viatico.viaticoService" />
		<property name="registroArchivosService" ref="registro.registroArchivosService" />
		<property name="planViajeDAO" ref="viatico.planViajeDAO" />
		<property name="planViajeRendicionDAO" ref="viatico.planViajeRendicionDAO" />
		<property name="planViajeInformeDistribDAO" ref="viatico.planViajeInformeDistribDAO" />
		<property name="planViajeConceptoDAO" ref="viatico.planViajeConceptoDAO" />
		<property name="papeletaDepositoDAO" ref="viatico.papeletaDepositoDAO" />
		<property name="comprobanteIngresoDAO" ref="viatico.comprobanteIngresoDAO" />
		<property name="nivelDAO" ref="viatico.nivelDAO" />
		<property name="cabeceraMovDAO" ref="viatico.cabeceraMovDAO" />
	</bean>
	
	<bean id="viatico.revisionRendicionService" class="pe.gob.sunat.recurso2.financiera.siga.viatico.rendicion.service.RevisionRendicionServiceImpl">
		<property name="viaticoConsultaService" ref="viatico.viaticoConsultaService" />
		<property name="viaticoMensajeriaService" ref="viatico.viaticoMensajeriaService" />
		<property name="planViajeDAO" ref="viatico.planViajeDAO" />
		<property name="registroPersonalService" ref="registro.registroPersonalService" />
		<property name="viaticoExpedienteService" ref="viatico.viaticoExpedienteService" />
		<property name="viaticoGeneralService" ref="viatico.viaticoGeneralService" />
	</bean>
	
	<bean id="viatico.consultaReembolsoService" class="pe.gob.sunat.recurso2.financiera.siga.viatico.reembolso.service.ConsultaReembolsoServiceImpl">
		<property name="registroPersonalService" ref="registro.registroPersonalService" />
		<property name="viaticoService" ref="viatico.viaticoService" />
		<property name="viaticoConsultaService" ref="viatico.viaticoConsultaService" />
		<property name="registroGeneralService" ref="registro.registroGeneralService" />
		<property name="consultaReembolsoService" ref="viatico.consultaReembolsoService" />
		<property name="planViajeDAO" ref="viatico.planViajeDAO" />
		<property name="planViajeRendicionDAO" ref="viatico.planViajeRendicionDAO" />
		<property name="planViajeDestinoDAO" ref="viatico.planViajeDestinoDAO" />
		<property name="planViajeConceptoDAO" ref="viatico.planViajeConceptoDAO" />
		<property name="nivelDAO" ref="viatico.nivelDAO" />
		<property name="cuentaCorrienteDAO" ref="viatico.cuentaCorrienteDAO" />		
	</bean>
	
	<bean id="viatico.registroReembolsoService" class="pe.gob.sunat.recurso2.financiera.siga.viatico.reembolso.service.RegistroReembolsoServiceImpl">
		<property name="planViajeDAO" ref="viatico.planViajeDAO" />
		<property name="planViajeRendicionDAO" ref="viatico.planViajeRendicionDAO" />
		<property name="planViajeDestinoDAO" ref="viatico.planViajeDestinoDAO" />
		<property name="planViajeConceptoDAO" ref="viatico.planViajeConceptoDAO" />
		<property name="tipoCambioDAO" ref="viatico.tipoCambioDAO" />
		<property name="nivelDAO" ref="viatico.nivelDAO" />
		<property name="registroPersonalService" ref="registro.registroPersonalService" />
		<property name="viaticoExpedienteService" ref="viatico.viaticoExpedienteService" />
		<property name="viaticoMensajeriaService" ref="viatico.viaticoMensajeriaService" />
		<property name="viaticoConsultaService" ref="viatico.viaticoConsultaService" />
		<property name="consultaReembolsoService" ref="viatico.consultaReembolsoService" />
	</bean>
	
	<bean id="viatico.revisionReembolsoService" class="pe.gob.sunat.recurso2.financiera.siga.viatico.reembolso.service.RevisionReembolsoServiceImpl">
		<property name="consultaReembolsoService" ref="viatico.consultaReembolsoService" />
		<property name="viaticoExpedienteService" ref="viatico.viaticoExpedienteService" />
		<property name="planViajeDAO" ref="viatico.planViajeDAO" />
	</bean>
	
	<bean id="viatico.viaticoExpedienteService" class="pe.gob.sunat.recurso2.financiera.siga.viatico.service.ViaticoExpedienteServiceImpl">
		<property name="registroExpedienteService" ref="registro.registroExpedienteService" />
	</bean>
	
	<bean id="viatico.viaticoMensajeriaService" class="pe.gob.sunat.recurso2.financiera.siga.viatico.service.ViaticoMensajeriaServiceImpl">
		<property name="registroMensajeriaService" ref="registro.registroMensajeriaService" />
		<property name="registroDependenciasService" ref="registro.registroDependenciasService" />
		<property name="registroPersonalService" ref="registro.registroPersonalService" />
		<property name="consultaSolicitudService" ref="viatico.consultaSolicitudService" />
		<property name="viaticoConsultaService" ref="viatico.viaticoConsultaService" />
	</bean>
	
	<bean id="viatico.viaticoReporteService" class="pe.gob.sunat.recurso2.financiera.siga.viatico.service.ViaticoReporteServiceImpl">
		<property name="viaticoService" ref="viatico.viaticoService" />
		<property name="registroPersonalService" ref="registro.registroPersonalService" />		
		<property name="consultaSolicitudService" ref="viatico.consultaSolicitudService" />	
		<property name="registroDependenciasService" ref="registro.registroDependenciasService" />
		<property name="viaticoConsultaService" ref="viatico.viaticoConsultaService" />
		<property name="consultaRendicionService" ref="viatico.consultaRendicionService" />
		<property name="consultaReembolsoService" ref="viatico.consultaReembolsoService" />
		<property name="planViajeDAO" ref="viatico.planViajeDAO" />
		<property name="cuentaCorrienteDAO" ref="viatico.cuentaCorrienteDAO" />
		<property name="planViajeConceptoDAO" ref="viatico.planViajeConceptoDAO" />
		<property name="planViajeDestinoDAO" ref="viatico.planViajeDestinoDAO" />
		<property name="nivelDAO" ref="viatico.nivelDAO" />
	</bean>
	
	<bean id="viatico.viaticoConsultaService" class="pe.gob.sunat.recurso2.financiera.siga.viatico.service.ViaticoConsultaServiceImpl">
		<property name="planViajeDAO" ref="viatico.planViajeDAO" />
		<property name="registroPersonalService" ref="registro.registroPersonalService" />
		<property name="registroDependenciasService" ref="registro.registroDependenciasService" />
		<property name="planViajeRendicionDAO" ref="viatico.planViajeRendicionDAO" />	
		<property name="consultaSolicitudService" ref="viatico.consultaSolicitudService" />
		<property name="planViajeInformeDistribDAO" ref="viatico.planViajeInformeDistribDAO" />
		<property name="sysGlobalParametrosDAO" ref="viatico.sysGlobalParametrosDAO" />	
		<property name="t01ParametroDAO" ref="t01ParametroDao" />
		<property name="viaticoGeneralService" ref="viatico.viaticoGeneralService" />
		<property name="planViajeDestinoDAO" ref="viatico.planViajeDestinoDAO" />
		<property name="consultaRendicionService" ref="viatico.consultaRendicionService" />
		<property name="viaticoService" ref="viatico.viaticoService" />
	</bean>
	
	<bean id="viatico.viaticoRegistroService" class="pe.gob.sunat.recurso2.financiera.siga.viatico.service.ViaticoRegistroServiceImpl">
		<property name="registroPersonalService" ref="registro.registroPersonalService" />
		<property name="planViajeRendicionDAO" ref="viatico.planViajeRendicionDAO" />	
		<property name="consultaSolicitudService" ref="viatico.consultaSolicitudService" />
		<property name="planViajeInformeDistribDAO" ref="viatico.planViajeInformeDistribDAO" />
		<property name="conceptoPlanillaViaticosDAO" ref="viatico.conceptoPlanillaViaticosDAO" />
		<property name="planViajeConceptoDAO" ref="viatico.planViajeConceptoDAO" />	
		<property name="papeletaDepositoDAO" ref="viatico.papeletaDepositoDAO" />
	</bean>
	
	<!-- yoney -->
	<bean id="viatico.viaticoProcesoService" class="pe.gob.sunat.recurso2.financiera.siga.viatico.service.ViaticoProcesoServiceImpl">
		<property name="viaticoMensajeriaService" ref="viatico.viaticoMensajeriaService" />
		<property name="viaticoConsultaService" ref="viatico.viaticoConsultaService" />
		<property name="planViajeDAO" ref="viatico.planViajeDAO" />
	</bean>
	<!-- ======REGISTRO DE PERSONAL ===================================================== -->
	<bean id="registro.registroMensajeriaService" class="pe.gob.sunat.recurso2.administracion.siga.mensajeria.service.RegistroMensajeriaServiceImpl">
		<property name="sysMensajeriaDAO" ref="sysMensajeriaDAO"></property>
	</bean>
	
	<bean id="registro.registroPersonalService" class="pe.gob.sunat.recurso2.administracion.siga.registro.service.RegistroPersonalServiceImpl">
		<property name="maestroPersonalDao" ref="maestroPersonalDao"></property>
		<property name="encargosPersonaDao" ref="encargosPersonaDao"></property>
		<property name="dependenciaDao" ref="dependenciaDao"></property>
		<property name="accesoDao" ref="accesoDao"></property>
		<property name="personaDao" ref="personaDao"></property>
		<property name="maestroContratistasDao" ref="maestroContratistasDao"></property>
		<property name="t01ParametroDao" ref="t01ParametroDao"></property>
	</bean>
	
	<bean id="registro.registroGeneralService" class="pe.gob.sunat.recurso2.administracion.siga.registro.service.RegistroGeneralServiceImpl">
		<property name="t01ParametroDao" ref="t01ParametroDao"></property>
		<property name="sysEstadosDao" ref="sysEstadosDao"></property>
		<property name="tDepartamentosDao" ref="tDepartamentosDao"></property>
		<property name="tProvinciasDao" ref="tProvinciasDao"></property>
		<property name="tDistritosDao" ref="tDistritosDao"></property>
	</bean>

	<bean id="registro.registroDependenciasService" class="pe.gob.sunat.recurso2.administracion.siga.registro.service.RegistroDependenciasServiceImpl">
		<property name="dependenciaDao" ref="dependenciaDao"></property>
	</bean>
	
	<bean id="registro.registroArchivosService" class="pe.gob.sunat.recurso2.administracion.siga.archivo.service.RegistroArchivosServiceImpl">
		<property name="sysRegistroArchivosDao" ref="sysRegistroArchivosDao"></property>
		<property name="sysRegistroArchivosFisicoDao" ref="sysRegistroArchivosFisicoDao"></property>
		<property name="t01ParametroDao" ref="t01ParametroDao"></property>
		<property name="accesoDao" ref="accesoDao"></property>
	</bean>
	
	<bean id="registro.registroExpedienteService" class="pe.gob.sunat.recurso2.administracion.siga.expediente.service.RegistroExpedienteServiceImpl">
		<property name="expedienteInternoAccionDao" ref="expedienteInternoAccionDao"></property>
		<property name="paExpedienteDAO" ref="paExpedienteDAO" />
	</bean>
	
	
	
</beans>