<?xml version="1.0" encoding="UTF-8"?>
<!DOCTYPE sqlMapConfig PUBLIC "-//iBATIS.com//DTD SQL Map Config 2.0//EN" "http://www.ibatis.com/dtd/sql-map-config-2.dtd">

<sqlMapConfig>
	<!-- Identifica todos los ficheros de mapeos XML usados en SQL Map para cargar los mapeos SQL.
		 Notese que las rutas son relativas al classpath. -->
	<settings
		cacheModelsEnabled="true"
		enhancementEnabled="true"
		useStatementNamespaces="true"
		maxSessions="64"
		maxTransactions="8"
		maxRequests="128"/>
	
	
	<!-- MAPAS DE REGISTRO DE MAESTROS -->
	<sqlMap resource="pe/gob/sunat/recurso2/administracion/siga/registro/model/dao/ibatis/maps/encargos_persona.xml" />
	<sqlMap resource="pe/gob/sunat/recurso2/administracion/siga/registro/model/dao/ibatis/maps/maestro_contratistas.xml" />
	<sqlMap resource="pe/gob/sunat/recurso2/administracion/siga/registro/model/dao/ibatis/maps/maestro_personal.xml" />
	<sqlMap resource="pe/gob/sunat/recurso2/administracion/siga/registro/model/dao/ibatis/maps/persona.xml" />
	<sqlMap resource="pe/gob/sunat/recurso2/administracion/siga/registro/model/dao/ibatis/maps/seg_roles_usuarios.xml" />
	<sqlMap resource="pe/gob/sunat/recurso2/administracion/siga/registro/model/dao/ibatis/maps/tcargos.xml" />
	<sqlMap resource="pe/gob/sunat/recurso2/administracion/siga/registro/model/dao/ibatis/maps/tdependencias.xml" />
	<sqlMap resource="pe/gob/sunat/recurso2/financiera/siga/viatico/model/dao/ibatis/maps/tipo_documento.xml" />
	
	<sqlMap resource="pe/gob/sunat/recurso2/administracion/siga/expediente/model/dao/ibatis/maps/expediente_interno_accion.xml" />
	<sqlMap resource="pe/gob/sunat/recurso2/administracion/siga/parametro/model/dao/ibatis/maps/objetivos.xml" />
	<sqlMap resource="pe/gob/sunat/recurso2/administracion/siga/parametro/model/dao/ibatis/maps/prg_anno.xml" />
	<sqlMap resource="pe/gob/sunat/recurso2/administracion/siga/parametro/model/dao/ibatis/maps/sys_estados.xml" />
	<sqlMap resource="pe/gob/sunat/recurso2/administracion/siga/parametro/model/dao/ibatis/maps/sys_parametros.xml" />
	<sqlMap resource="pe/gob/sunat/recurso2/administracion/siga/parametro/model/dao/ibatis/maps/t01parametro.xml" />

	<sqlMap resource="pe/gob/sunat/recurso2/administracion/siga/ubigeo/model/dao/ibatis/maps/tdepartamentos.xml" />
	<sqlMap resource="pe/gob/sunat/recurso2/administracion/siga/ubigeo/model/dao/ibatis/maps/tdistritos.xml" />
	<sqlMap resource="pe/gob/sunat/recurso2/administracion/siga/ubigeo/model/dao/ibatis/maps/tprovincias.xml" />
	
	<sqlMap resource="pe/gob/sunat/recurso2/financiera/siga/viatico/model/dao/ibatis/maps/cuenta_corriente.xml" />
	<sqlMap resource="pe/gob/sunat/recurso2/financiera/siga/viatico/model/dao/ibatis/maps/comprobantes_ingreso.xml" />
	
	
</sqlMapConfig>