<?xml version="1.0" encoding="UTF-8"?>

<beans xmlns="http://www.springframework.org/schema/beans"
	xmlns:aop="http://www.springframework.org/schema/aop" xmlns:p="http://www.springframework.org/schema/p"
	xmlns:jee="http://www.springframework.org/schema/jee" xmlns:tx="http://www.springframework.org/schema/tx"
	xmlns:xsi="http://www.w3.org/2001/XMLSchema-instance"
	xsi:schemaLocation="
		http://www.springframework.org/schema/aop
	    http://www.springframework.org/schema/aop/spring-aop-2.5.xsd
		http://www.springframework.org/schema/beans 
		http://www.springframework.org/schema/beans/spring-beans-2.5.xsd
	    http://www.springframework.org/schema/jee
        http://www.springframework.org/schema/jee/spring-jee-2.5.xsd
        http://www.springframework.org/schema/tx 
        http://www.springframework.org/schema/tx/spring-tx-2.5.xsd">

	<!-- ======================== Configuracion de los datasource =============== -->
	
	<jee:jndi-lookup id="sigaDSGrabacion" jndi-name="jdbc/dgsig" resource-ref="true" />
	<jee:jndi-lookup id="sigaDSConsulta" jndi-name="jdbc/dcsig" resource-ref="true" />
	<jee:jndi-lookup id="spDSConsulta" jndi-name="jdbc/dcsp" resource-ref="true" />
	
	<!-- ======================== SqlMap setup for iBATIS Database Layer =============== -->
	
	<bean id="sigaviatico.sqlMapClient" class="org.springframework.orm.ibatis.SqlMapClientFactoryBean"
		p:configLocation="classpath:siga-viatico-model-sql-map-config.xml"
		p:dataSource-ref="sigaDSGrabacion" />
		
	<bean id="sigaregistro.sqlMapClient" class="org.springframework.orm.ibatis.SqlMapClientFactoryBean"
		p:configLocation="classpath:siga-registro-model-sql-map-config.xml"
		p:dataSource-ref="sigaDSConsulta" />
	
	<bean id="sigasp.sqlMapClient" class="org.springframework.orm.ibatis.SqlMapClientFactoryBean"
		p:configLocation="classpath:siga-sp-model-sql-map-config.xml"
		p:dataSource-ref="spDSConsulta" />
	
	<!-- ======================== BASE ====================================================== -->
	
	<bean id="viatico.daoBase.siga" class="pe.gob.sunat.framework.spring.util.dao.SqlMapDAOBase"
		p:sqlMapClient-ref="sigaviatico.sqlMapClient" />
	
	<bean id="registro.daoBase.siga" class="pe.gob.sunat.framework.spring.util.dao.SqlMapDAOBase"
		p:sqlMapClient-ref="sigaregistro.sqlMapClient" />	
			
	<bean id="sp.daoBase.siga" class="pe.gob.sunat.framework.spring.util.dao.SqlMapDAOBase"
		p:sqlMapClient-ref="sigasp.sqlMapClient" />
		
	<!-- ======================== VIATICO ====================================================== -->
	
	<bean id="viatico.conceptoPlanillaViaticosDAO"
		class="pe.gob.sunat.recurso2.financiera.siga.viatico.model.dao.ibatis.SqlMapConceptoPlanillaViaticosDAOImpl"
		parent="viatico.daoBase.siga" />

	<bean id="viatico.registradorViaticoDAO" 
		class="pe.gob.sunat.recurso2.financiera.siga.viatico.model.dao.ibatis.SqlMapRegistradorViaticoDAOImpl"
		parent="viatico.daoBase.siga" />
		
	<bean id="viatico.planViajeConceptoDAO" 
		class="pe.gob.sunat.recurso2.financiera.siga.viatico.model.dao.ibatis.SqlMapPlanViajeConceptoDAOImpl"
		parent="viatico.daoBase.siga" />
		
	<bean id="viatico.planViajeDestinoDAO" 
		class="pe.gob.sunat.recurso2.financiera.siga.viatico.model.dao.ibatis.SqlMapPlanViajeDestinoDAOImpl"
		parent="viatico.daoBase.siga" />				
 
	<bean id="viatico.planViajeDAO"
		class="pe.gob.sunat.recurso2.financiera.siga.viatico.model.dao.ibatis.SqlMapPlanViajeDAOImpl"
		parent="viatico.daoBase.siga" />	 

 	<bean id="viatico.txxx8LugarUbigeoDAO"
		class="pe.gob.sunat.recurso2.financiera.siga.viatico.model.dao.ibatis.SqlMapTXXX8LugarUbigeoDAOImpl"
		parent="viatico.daoBase.siga" />

	<bean id="viatico.metasDAO"
		class="pe.gob.sunat.recurso2.financiera.siga.viatico.model.dao.ibatis.SqlMapMetasDAOImpl"
		parent="viatico.daoBase.siga" />	
		
	<bean id="viatico.tipoDocumentoDAO"
		class="pe.gob.sunat.recurso2.financiera.siga.viatico.model.dao.ibatis.SqlMapTipoDocumentoDAOImpl"
		parent="registro.daoBase.siga" />		

 	<bean id="viatico.prgAnnoDao"
		class="pe.gob.sunat.recurso2.administracion.siga.parametro.model.dao.ibatis.SqlMapPrgAnnoDAOImpl"
		parent="registro.daoBase.siga" />
		
	<bean id="viatico.sysEstadosDAO"
		class="pe.gob.sunat.recurso2.administracion.siga.parametro.model.dao.ibatis.SqlMapSysEstadosDAOImpl"
		parent="registro.daoBase.siga" />
	
	<bean id="viatico.cuentaCorrienteDAO"
		class="pe.gob.sunat.recurso2.financiera.siga.viatico.model.dao.ibatis.SqlMapCuentaCorrienteDAOImpl"
		parent="registro.daoBase.siga" />
	
	<bean id="viatico.comprobanteIngresoDAO"
		class="pe.gob.sunat.recurso2.financiera.siga.viatico.model.dao.ibatis.SqlMapComprobanteIngresoDAOImpl"
		parent="registro.daoBase.siga" />
		
	<bean id="viatico.planViajeRendicionDAO"
		class="pe.gob.sunat.recurso2.financiera.siga.viatico.model.dao.ibatis.SqlMapPlanViajeRendicionDAOImpl"
		parent="viatico.daoBase.siga" />
	
	<bean id="viatico.papeletaDepositoDAO"
		class="pe.gob.sunat.recurso2.financiera.siga.viatico.model.dao.ibatis.SqlMapPapeletaDepositoDAOImpl"
		parent="viatico.daoBase.siga" />
	
	<bean id="viatico.planViajeInformeDistribDAO"
		class="pe.gob.sunat.recurso2.financiera.siga.viatico.model.dao.ibatis.SqlMapPlanViajeInformeDistribDAOImpl"
		parent="viatico.daoBase.siga" />
		
	<bean id="viatico.tipoCambioDAO"
		class="pe.gob.sunat.recurso2.financiera.siga.viatico.model.dao.ibatis.SqlMapTipoCambioDAOImpl"
		parent="viatico.daoBase.siga" />	
		
	<bean id="viatico.sysGlobalParametrosDAO"
		class="pe.gob.sunat.recurso2.financiera.siga.viatico.model.dao.ibatis.SqlMapSysGlobalParametrosDAOImpl"
		parent="viatico.daoBase.siga" />
		
	<bean id="viatico.nivelDAO"
		class="pe.gob.sunat.recurso2.financiera.siga.viatico.model.dao.ibatis.SqlMapNivelDAOImpl"
		parent="viatico.daoBase.siga" />			
		
	<bean id="viatico.cabeceraMovDAO"
		class="pe.gob.sunat.recurso2.financiera.siga.viatico.model.dao.ibatis.SqlMapCabeceraMovDAOImpl"
		parent="viatico.daoBase.siga" />	
		
	<!-- ======================== SP ====================================================== -->
	<bean id="sp.licenciaDAO"
		class="pe.gob.sunat.recurso2.financiera.siga.viatico.model.dao.ibatis.SqlMapLicenciaDAOImpl"
		parent="sp.daoBase.siga">
	</bean>
	
	<bean id="sp.vacacionDAO"
		class="pe.gob.sunat.recurso2.financiera.siga.viatico.model.dao.ibatis.SqlMapVacacionDAOImpl"
		parent="sp.daoBase.siga">
	</bean>		
		
	<!-- ======================== REGISTRO ====================================================== -->

	<bean id="accesoDao"
		class="pe.gob.sunat.recurso2.administracion.siga.registro.model.dao.ibatis.SqlMapAccesoDAOImpl"
		parent="viatico.daoBase.siga">
	</bean>
	
	<bean id="dependenciaDao"
		class="pe.gob.sunat.recurso2.administracion.siga.registro.model.dao.ibatis.SqlMapDependenciaDAOImpl"
		parent="registro.daoBase.siga">
	</bean>
	
	<bean id="encargosPersonaDao"
		class="pe.gob.sunat.recurso2.administracion.siga.registro.model.dao.ibatis.SqlMapEncargosPersonaDAOImpl"
		parent="registro.daoBase.siga">
	</bean>
	
	<bean id="expedienteInternoAccionDao"
		class="pe.gob.sunat.recurso2.administracion.siga.expediente.model.dao.ibatis.SqlMapExpedienteInternoAccionDAOImpl"
		parent="registro.daoBase.siga">
	</bean>
	
	<bean id="paExpedienteDAO"
		class="pe.gob.sunat.recurso2.administracion.siga.expediente.model.dao.ibatis.SqlMapPaExpedienteDAOImpl"
		parent="viatico.daoBase.siga">
	</bean>
	
	<bean id="maestroContratistasDao"
		class="pe.gob.sunat.recurso2.administracion.siga.registro.model.dao.ibatis.SqlMapMaestroContratistasDAOImpl"
		parent="registro.daoBase.siga">
	</bean>
	
	<bean id="maestroPersonalDao"
		class="pe.gob.sunat.recurso2.administracion.siga.registro.model.dao.ibatis.SqlMapMaestroPersonalDAOImpl"
		parent="registro.daoBase.siga">
	</bean>
	
	<bean id="objetivosDao"
		class="pe.gob.sunat.recurso2.administracion.siga.parametro.model.dao.ibatis.SqlMapObjetivosDAOImpl"
		parent="registro.daoBase.siga">
	</bean>
	
	<bean id="personaDao"
		class="pe.gob.sunat.recurso2.administracion.siga.registro.model.dao.ibatis.SqlMapPersonaDAOImpl"
		parent="registro.daoBase.siga">
	</bean>
	
	<bean id="prgAnnoDao"
		class="pe.gob.sunat.recurso2.administracion.siga.parametro.model.dao.ibatis.SqlMapPrgAnnoDAOImpl"
		parent="registro.daoBase.siga">
	</bean>
	
	<bean id="segRolesUsuariosDao"
		class="pe.gob.sunat.recurso2.administracion.siga.registro.model.dao.ibatis.SqlMapSegRolesUsuariosDAOImpl"
		parent="registro.daoBase.siga">
	</bean>
	
	<bean id="sysEstadosDao"
		class="pe.gob.sunat.recurso2.administracion.siga.parametro.model.dao.ibatis.SqlMapSysEstadosDAOImpl"
		parent="registro.daoBase.siga">
	</bean>
	
	<bean id="sysParametrosDao"
		class="pe.gob.sunat.recurso2.administracion.siga.parametro.model.dao.ibatis.SqlMapSysParametrosDAOImpl"
		parent="registro.daoBase.siga">
	</bean>
	
	<bean id="sysRegistroArchivosDao"
		class="pe.gob.sunat.recurso2.administracion.siga.archivo.model.dao.ibatis.SqlMapSysRegistroArchivosDAOImpl"
		parent="viatico.daoBase.siga">
	</bean>

	<bean id="sysRegistroArchivosFisicoDao"
		class="pe.gob.sunat.recurso2.administracion.siga.archivo.model.dao.ibatis.SqlMapSysRegistroArchivosFisicoDAOImpl"
		parent="viatico.daoBase.siga">
	</bean>
	
	<bean id="t01ParametroDao"
		class="pe.gob.sunat.recurso2.administracion.siga.parametro.model.dao.ibatis.SqlMapT01ParametroDAOImpl"
		parent="registro.daoBase.siga">
	</bean>
	
	<bean id="tDepartamentosDao"
		class="pe.gob.sunat.recurso2.administracion.siga.ubigeo.model.dao.ibatis.SqlMapTDepartamentosDAOImpl"
		parent="registro.daoBase.siga">
	</bean>
	
	<bean id="tProvinciasDao"
		class="pe.gob.sunat.recurso2.administracion.siga.ubigeo.model.dao.ibatis.SqlMapTProvinciasDAOImpl"
		parent="registro.daoBase.siga">
	</bean>
	
	<bean id="tDistritosDao"
		class="pe.gob.sunat.recurso2.administracion.siga.ubigeo.model.dao.ibatis.SqlMapTDistritosDAOImpl"
		parent="registro.daoBase.siga">
	</bean>

	<bean id="tcargosDAO"
		class="pe.gob.sunat.recurso2.administracion.siga.registro.model.dao.ibatis.SqlMapTcargosDAOImpl"
		parent="registro.daoBase.siga">
	</bean>
	
	<bean id="sysMensajeriaDAO"
		class="pe.gob.sunat.recurso2.administracion.siga.mensajeria.model.dao.ibatis.SqlMapSysMensajeriaDAOImpl"
		parent="viatico.daoBase.siga">
	</bean>
		
</beans>
