<?xml version="1.0" encoding="UTF-8"?>
<!DOCTYPE sqlMapConfig PUBLIC "-//iBATIS.com//DTD SQL Map Config 2.0//EN" "http://www.ibatis.com/dtd/sql-map-config-2.dtd">

<sqlMapConfig>
	<!-- Identifica todos los ficheros de mapeos XML usados en SQL Map para cargar los mapeos SQL.
		 Notese que las rutas son relativas al classpath. -->
	<settings
		cacheModelsEnabled="true"
		enhancementEnabled="true"
		useStatementNamespaces="true"
		maxSessions="64"
		maxTransactions="8"
		maxRequests="128"/>
	
	<!-- MAPAS DE VIATICO -->
	<sqlMap resource="pe/gob/sunat/recurso2/financiera/siga/viatico/model/dao/ibatis/maps/plan_viaje.xml" />
	<sqlMap resource="pe/gob/sunat/recurso2/financiera/siga/viatico/model/dao/ibatis/maps/plan_viaje_conceptos.xml" />
	<sqlMap resource="pe/gob/sunat/recurso2/financiera/siga/viatico/model/dao/ibatis/maps/plan_viaje_destinos.xml" />
	<sqlMap resource="pe/gob/sunat/recurso2/financiera/siga/viatico/model/dao/ibatis/maps/registrador_viatico.xml" />
	<sqlMap resource="pe/gob/sunat/recurso2/financiera/siga/viatico/model/dao/ibatis/maps/txxx8lugarubigeo.xml" />
	<sqlMap resource="pe/gob/sunat/recurso2/financiera/siga/viatico/model/dao/ibatis/maps/concepto_planilla_viaticos.xml" />
	<sqlMap resource="pe/gob/sunat/recurso2/financiera/siga/viatico/model/dao/ibatis/maps/tipo_documento.xml" />
	<sqlMap resource="pe/gob/sunat/recurso2/financiera/siga/viatico/model/dao/ibatis/maps/metas.xml" />
	<sqlMap resource="pe/gob/sunat/recurso2/financiera/siga/viatico/model/dao/ibatis/maps/plan_viaje_rendicion.xml" />
	<sqlMap resource="pe/gob/sunat/recurso2/financiera/siga/viatico/model/dao/ibatis/maps/papeletas_depositos.xml" />
	<sqlMap resource="pe/gob/sunat/recurso2/financiera/siga/viatico/model/dao/ibatis/maps/plan_viaje_informe_distrib.xml" />
	<sqlMap resource="pe/gob/sunat/recurso2/financiera/siga/viatico/model/dao/ibatis/maps/tipo_cambio.xml" />
	<sqlMap resource="pe/gob/sunat/recurso2/financiera/siga/viatico/model/dao/ibatis/maps/sys_global_parametros.xml" />
	<sqlMap resource="pe/gob/sunat/recurso2/financiera/siga/viatico/model/dao/ibatis/maps/niveles.xml" />
	<sqlMap resource="pe/gob/sunat/recurso2/financiera/siga/viatico/model/dao/ibatis/maps/cabecera_mov.xml" />
	<!-- MAPAS DE REGISTRO DE MAESTROS -->
	<sqlMap resource="pe/gob/sunat/recurso2/administracion/siga/archivo/model/dao/ibatis/maps/sys_registro_archivos_fisico.xml" />
	<sqlMap resource="pe/gob/sunat/recurso2/administracion/siga/archivo/model/dao/ibatis/maps/sys_registro_archivos.xml" />
	<sqlMap resource="pe/gob/sunat/recurso2/administracion/siga/expediente/model/dao/ibatis/maps/pa_expedientes.xml" />
	<sqlMap resource="pe/gob/sunat/recurso2/administracion/siga/expediente/model/dao/ibatis/maps/expediente_interno_accion.xml" />
	<sqlMap resource="pe/gob/sunat/recurso2/administracion/siga/mensajeria/model/dao/ibatis/maps/sys_mensajeria.xml" />
	<sqlMap resource="pe/gob/sunat/recurso2/administracion/siga/registro/model/dao/ibatis/maps/acceso.xml" />	
	
</sqlMapConfig>