<?xml version="1.0" encoding="UTF-8" ?>
<!DOCTYPE sqlMap PUBLIC "-//ibatis.apache.org//DTD SQL Map 2.0//EN" "http://ibatis.apache.org/dtd/sql-map-2.dtd" >
<sqlMap namespace="acceso">
    
  <parameterMap id="registrarVariableEntornoCall"  class="java.util.HashMap">
     <parameter property="codVariable" jdbcType="VARCHAR" javaType="java.lang.String" mode="IN" />
     <parameter property="valVariable" jdbcType="VARCHAR" javaType="java.lang.String" mode="IN" />
  </parameterMap>
    
  <!-- Setting de la variable de entorno -->
  <select id="setearVariableEntorno" parameterMap="registrarVariableEntornoCall" resultClass="java.lang.String">
  	 SELECT SEG_ACCESO.F_SETUSERENV(?,? ) AS RESULTADO FROM DUAL
  </select>
  
  
  <!-- crear log de generacion de data -->
  <parameterMap id="limpiarVariableEntornoCall"  class="java.util.HashMap">
     <parameter property="codVariable" jdbcType="VARCHAR" javaType="java.lang.String" mode="IN" />
  </parameterMap>
  
  <select id="limpiarVariableEntorno" parameterMap="limpiarVariableEntornoCall" resultClass="java.lang.String">
  	 SELECT SEG_ACCESO.F_SETUSERENV(?) AS RESULTADO FROM DUAL 
  </select>
    
    	
</sqlMap>