<?xml version="1.0" encoding="UTF-8" ?>
<!DOCTYPE sqlMap PUBLIC "-//ibatis.apache.org//DTD SQL Map 2.0//EN" "http://ibatis.apache.org/dtd/sql-map-2.dtd" >
<sqlMap namespace="registroAfiliacion" >

	<typeAlias alias="registroAfiliacionBean" type="pe.gob.sunat.iqbf2.registro.notificacion.model.bean.RegistroAfiliacionBean" />

	<resultMap id="RegistroAfiliacionResultMap" class="registroAfiliacionBean">
		<result property="codigoRuc" column="COD_RUC" />
		<result property="fechaAfiliacion" column="FEC_AFILACION" />
		<result property="fechaAlta" column="FEC_ALTA" />
		<result property="codigoEstado" column="COD_ESTADO" />
		<result property="codigoArchivo" column="COD_PATH_FILE" />
	</resultMap>

	<select id="buscarAfiliacion" parameterClass="java.util.HashMap" resultMap="RegistroAfiliacionResultMap">  
		SELECT 
			COD_RUC, 
			FEC_AFILACION, 
			FEC_ALTA, 
			COD_ESTADO, 
			COD_PATH_FILE
		FROM 
			REGISTROAFILIACION 
		WHERE 
			TRIM(COD_RUC) = #codRuc#
	</select>
	 
	<insert id="registrarAfiliacion" parameterClass="registroAfiliacionBean">
	    INSERT INTO REGISTROAFILIACION(
	        COD_RUC,
	        FEC_AFILACION,
	        FEC_ALTA,
	        COD_ESTADO,
	        COD_PATH_FILE
	    ) VALUES (
	        #codigoRuc#,
	        #fechaAfiliacion#,
	        #fechaAlta#,
	        #codigoEstado#,
	        #codigoArchivo#
	    )
	</insert>
</sqlMap>