<?xml version="1.0" encoding="UTF-8" ?>
<!DOCTYPE sqlMap PUBLIC "-//ibatis.apache.org//DTD SQL Map 2.0//EN" "http://ibatis.apache.org/dtd/sql-map-2.dtd" >
<sqlMap namespace="demoproceso" >
  
  <resultMap id="EntidadBaseResultMap" class="pe.gob.sunat.megaproceso2.macroproceso.proceso.model.DemoEntidad" >
    <result column="COD_CATALOGO"	property="codCatalogo" 		jdbcType="VARCHAR" />
    <result column="COD_DATACAT"	property="codDatacat" 		jdbcType="VARCHAR" />
    <result column="FEC_INIDATCAT"	property="fecInidatcat" 	jdbcType="DATE" />
    <result column="DES_DATACAT"	property="desDatacat" 		jdbcType="VARCHAR" />
    <result column="COD_ESTADO"		property="codEstado" 		jdbcType="VARCHAR" />
    <result column="IND_REGACTUAL"	property="indRegActual" 	jdbcType="VARCHAR" />
  </resultMap>
  
  <select id="listAll" resultMap="EntidadBaseResultMap">
	SELECT	COD_CATALOGO, 
			COD_DATACAT,
			FEC_INIDATCAT,
			DES_DATACAT,
			COD_ESTADO,
			IND_REGACTUAL
	FROM	DATACATALOGO 
	WHERE
		COD_CATALOGO='999'
  </select>

  <select id="listByParameterMap" resultMap="EntidadBaseResultMap" parameterClass="java.util.Map" >
	SELECT	COD_CATALOGO, 
			COD_DATACAT,
			FEC_INIDATCAT,
			DES_DATACAT,
			COD_ESTADO,
			IND_REGACTUAL
	FROM	DATACATALOGO 
	WHERE	COD_CATALOGO=#entidad.codCatalogo#
		AND	COD_DATACAT=#entidad.codDatacat#
		<isNotNull prepend="AND" property="fecha">
			SYSDATE BETWEEN FEC_INIDATCAT AND FEC_FINDATCAT 
		</isNotNull>
		<isNotNull prepend="AND" property="codEstado">
        	COD_ESTADO = #codEstado#
      	</isNotNull>
		AND ind_regactual = '1'	   
		order by fec_inidatcat DESC
  </select>



<resultMap id="EntidadWithFilterResultMap" class="pe.gob.sunat.megaproceso2.macroproceso.proceso.model.DemoEntidad" >
    <result column="COD_CATALOGO"	property="codCatalogo" 		jdbcType="VARCHAR" />
    <result column="COD_DATACAT"	property="codDatacat" 		jdbcType="VARCHAR" />
    <result column="FEC_INIDATCAT"	property="fecInidatcat" 	jdbcType="DATE" />
    <result column="DES_DATACAT"	property="desDatacat" 		jdbcType="VARCHAR" />
    <result column="COD_ESTADO"		property="codEstado" 		jdbcType="VARCHAR" />
    <result column="IND_REGACTUAL"	property="indRegActual" 	jdbcType="VARCHAR" />
 </resultMap>

  <select id="listAllwithColumnFilter" resultMap="EntidadWithFilterResultMap" parameterClass="java.util.Map">
	SELECT
		<isPropertyAvailable property="tieneAtribFilter">
			<isNotPropertyAvailable property="f_codCatalogo">NULL AS </isNotPropertyAvailable> COD_CATALOGO, 
			<isNotPropertyAvailable property="f_codDatacat">NULL AS </isNotPropertyAvailable> COD_DATACAT,
			<isNotPropertyAvailable property="f_fecInidatcat">NULL AS </isNotPropertyAvailable> FEC_INIDATCAT,
			<isNotPropertyAvailable property="f_desDatacat">NULL AS </isNotPropertyAvailable> DES_DATACAT,
			<isNotPropertyAvailable property="f_codEstado">NULL AS </isNotPropertyAvailable> COD_ESTADO,
			<isNotPropertyAvailable property="f_indRegActual">NULL AS </isNotPropertyAvailable> IND_REGACTUAL
		</isPropertyAvailable>
		<isNotPropertyAvailable property="tieneAtribFilter">COD_CATALOGO,COD_DATACAT,FEC_INIDATCAT,DES_DATACAT,COD_ESTADO,IND_REGACTUAL</isNotPropertyAvailable>
	FROM DATACATALOGO 
	WHERE
		COD_CATALOGO='999'
		<isNotNull prepend="AND" property="w_fecha">
			#w_codDatacat# BETWEEN FEC_INIDATCAT AND FEC_FINDATCAT 
		</isNotNull>
		<isPropertyAvailable prepend="AND" property="w_codDatacat">
			COD_DATACAT = #w_codDatacat#
		</isPropertyAvailable>			
		<isNotNull prepend="AND" property="where.codEstado">
        	COD_ESTADO = #w_codEstado#
      	</isNotNull>
		AND ind_regactual = '1'	   
  </select>  	

</sqlMap>