<?xml version="1.0" encoding="UTF-8"?>
<!DOCTYPE sqlMap PUBLIC "-//ibatis.apache.org//DTD SQL Map 2.0//EN" "http://ibatis.apache.org/dtd/sql-map-2.dtd">

<sqlMap namespace="comprobantesIngreso">

	<typeAlias alias="comprobanteIngresoBean" type="pe.gob.sunat.recurso2.financiera.siga.viatico.model.bean.ComprobanteIngresoBean" />
	
	<resultMap id="comprobanteIngresoList" class="comprobanteIngresoBean">
		<result property="numeroRendicion" column="NUM_RENDICION" />
		<result property="numeroDocumento" column="NUM_DOCUMENTO" />
		<result property="fechaGeneracion" column="FECH_GENERACION" />
		<result property="tipoCambio" column="VAL_TIP_CAMBIO" />
		<result property="monto" column="MONTO" />
		<result property="clasificador" column="CLASIFICADOR" />
		<result property="observacion" column="OBSERVACION" />
		<result property="tipoMoneda" column="TIPO_MONEDA" />
	</resultMap>
	
	<select id="obtenerRecibosIngresoCaja" parameterClass="java.util.HashMap" resultMap="comprobanteIngresoList">
	    <![CDATA[ 
	    SELECT
	    	CI.NUM_RENDICION AS NUM_RENDICION, 
	    	CI.NUME_SERI_FOR || '-' || CI.NUME_DOCU_FOR AS NUM_DOCUMENTO,
       		CI.FECH_COMP_ING AS FECH_GENERACION,
       		TRIM(CI.SIM_MONE_MON) AS TIPO_MONEDA,
       		CIP.VAL_TIP_CAMBIO AS VAL_TIP_CAMBIO,
       		CIP.MTO_TOTAL AS MONTO, 
       		CIP.CLAS_INGR_ING||' - '||CG.DESC_GAST_GAS AS CLASIFICADOR,
       		CI.OBSE_COMP_ING AS OBSERVACION 
  		FROM SIGA01.COMPROBANTES_INGRESO CI, 
  			SIGA01.COMPROBANTES_INGRESO_PRODUCTOS CIP,
       		SIGA01.CLASIFICADOR_GASTO CG               
 		WHERE CI.CODI_COMP_ING = CIP.CODI_COMP_ING
 		 ]]> 
 		<isNotNull prepend="AND" property="numeroRendicion"> CI.NUM_RENDICION = #numeroRendicion# </isNotNull>
 		AND CG.CLAS_GAST_GAS=CIP.CLAS_INGR_ING 
 		AND CG.ANN_CLASIFICADOR = CI.ANNO_COMP_ING 
 		AND CI.ESTA_COMP_ING != '*'
	</select>
	
</sqlMap>