<?xml version="1.0" encoding="UTF-8"?>
<!DOCTYPE sqlMap PUBLIC "-//ibatis.apache.org//DTD SQL Map 2.0//EN" "http://ibatis.apache.org/dtd/sql-map-2.dtd">

<sqlMap namespace="conceptoPlanillaViaticos">
	
	<typeAlias alias="conceptoPlanillaViaticosBean" type="pe.gob.sunat.recurso2.financiera.siga.viatico.model.bean.ConceptoPlanillaViaticosBean" />
	
	<resultMap id="conceptoPlanillaViaticosList" class="conceptoPlanillaViaticosBean">
		<result property="idPlanViaje" column="PLAN_VIAJE_ID" />
		<result property="codigoConcepto" column="CODI_CONC_PVI" />
		<result property="descripcionConcepto" column="DESC_CONC_PVI" />
		<result property="clasificadorGasto" column="CLASIFICADOR_GASTO" />
		<result property="monto" column="MONTO" />
	</resultMap>
	
	<resultMap id="obtenerConceptosViaticoResultMap" class="conceptoPlanillaViaticosBean">
		<result property="codigoConcepto" column="CODI_CONC_PVI" />
		<result property="descripcionConcepto" column="DESC_CONC_PVI" />
		<result property="clasificadorGasto" column="CLAS_GAST_GAS" />
		<result property="conceptoCantidadPVI" column="CONC_CANT_PVI" />
		<result property="tipoFijoPVI" column="TIPO_FIJ_PVI" />
		<result property="indItinerario" column="IND_ITINERARIO" />
		<result property="indTipo" column="IND_TIPO" />
	</resultMap>	
	
	<resultMap id="obtenerImporteDiarioResultMap" class="conceptoPlanillaViaticosBean">
		<result property="codigoConcepto" column="CODI_CONC_PVI" />
		<result property="descripcionConcepto" column="DESC_CONC_PVI" />
		<result property="clasificadorGasto" column="CLAS_GAST_GAS" />
		<result property="conceptoCantidadPVI" column="CONC_CANT_PVI" />
		<result property="importeDiario" column="MONT_NACI_PLA" />
		
	</resultMap>		

	
	
	<select id="obtenerConceptoPlanillaViaticosToComprobante" parameterClass="java.util.HashMap" resultMap="conceptoPlanillaViaticosList">
		SELECT
			VIAJE.PLAN_VIAJE_ID,
			CONCEPTO.CODI_CONC_PVI,
			CONCEPTO.DESC_CONC_PVI,
			VIAJE.CLASIFICADOR_GASTO,
			VIAJE.MONTO
		FROM
			CONCEPTO_PLANILLA_VIATICOS CONCEPTO,
			PLAN_VIAJE_CONCEPTOS VIAJE
		WHERE
			CONCEPTO.CODI_CONC_PVI = VIAJE.CONCEPTO_ID  AND
			VIAJE.PLAN_VIAJE_ID = #idPlanViaje#
	</select>
	
	<select id="obtenerConceptosViatico" parameterClass="java.util.HashMap" resultMap="obtenerConceptosViaticoResultMap">
		SELECT
			CONCEPTO.CODI_CONC_PVI,
			CONCEPTO.DESC_CONC_PVI,
			<isNotNull property="tipoDestino">CPP.CLASIFICADOR_PROYECTO as CLAS_GAST_GAS,</isNotNull>
			<isNull property="tipoDestino">CPP.CLAS_GAST_GAS,</isNull>
			NVL(CONCEPTO.CONC_CANT_PVI,0) AS CONC_CANT_PVI,
			TRIM(CONCEPTO.TIPO_FIJ_PVI) AS TIPO_FIJ_PVI,
			CONCEPTO.IND_ITINERARIO,
			CONCEPTO.IND_TIPO
		FROM   
			CONCEPTO_PLANILLA_VIATICOS CONCEPTO,
		    CONCEPTO_VIATICO_PARTIDA CPP,
		    CLASIFICADOR_GASTO CG  
		WHERE
			CONCEPTO.CODI_CONC_PVI = CPP.CODI_CONC_PVI      
      		AND CPP.ANN_CLASIFICADOR = CG.ANN_CLASIFICADOR
      		AND CPP.CLAS_GAST_GAS = CG.CLAS_GAST_GAS		
			AND NVL(CONCEPTO.ESTADO, '1') = '1'
			<isNotNull prepend="AND" property="anioClasificador"> CPP.ANN_CLASIFICADOR = #anioClasificador# </isNotNull>
			<isNotNull prepend="AND" property="codigo"> CONCEPTO.CODI_CONC_PVI like '%' || #codigo# || '%' </isNotNull>
			<isNotNull prepend="AND" property="codigoIgual"> CONCEPTO.CODI_CONC_PVI = #codigoIgual# </isNotNull>
			<isNotNull prepend="AND" property="descripcion"> CONCEPTO.DESC_CONC_PVI  like '%' || #descripcion# || '%' </isNotNull>
			<isNotNull prepend="AND" property="combinacion1"> CONCEPTO.DESC_COMBINACION1 = #combinacion1# </isNotNull>
			<isNotNull prepend="AND" property="combinacion2"> CONCEPTO.DESC_COMBINACION2 = #combinacion2# </isNotNull>
			<isNotNull prepend="AND" property="tipoFijoPVI"> CONCEPTO.TIPO_FIJ_PVI = #tipoFijoPVI# </isNotNull>
			<isNotNull prepend="AND" property="indicadorSolicitud"> CONCEPTO.IND_SOLICITUD = #indicadorSolicitud# </isNotNull>
			<isNotNull prepend="AND" property="indicadorSolicitud"> CONCEPTO.IND_SOLICITUD = #indicadorSolicitud# </isNotNull>
			<isNotNull prepend="AND" property="indItinerario"> CONCEPTO.IND_ITINERARIO = #indItinerario# </isNotNull>
	</select>
	
	<select id="obtenerImporteDiario" parameterClass="java.util.HashMap" resultMap="obtenerImporteDiarioResultMap">

		SELECT
		   CPV.CODI_CONC_PVI,
		   CPV.DESC_CONC_PVI,
		   NVL(EV.MONT_NACI_PLA,0) AS MONT_NACI_PLA,
		   CPP.CLAS_GAST_GAS,
		   NVL(CPV.CONC_CANT_PVI,0) AS CONC_CANT_PVI
		FROM
		   CONCEPTO_PLANILLA_VIATICOS CPV,
		   CONCEPTO_VIATICO_PARTIDA CPP,
		   ESCALA_VIATICOS EV
		WHERE
		   CPV.CODI_CONC_PVI = CPP.CODI_CONC_PVI
		   AND CPV.CODI_CONC_PVI = EV.CODI_CONC_PVI
		   <isNotNull prepend="AND" property="ANN_CLASIFICADOR"> CPP.ANN_CLASIFICADOR = #ANN_CLASIFICADOR# </isNotNull>
		   <isNotNull prepend="AND" property="CODI_CONC_PVI"> CPV.CODI_CONC_PVI = #CODI_CONC_PVI# </isNotNull>
		   <isNotNull prepend="AND" property="COD_DEPARTAMENTO"> EV.COD_DEPARTAMENTO = #COD_DEPARTAMENTO# </isNotNull>
		   <isNotNull prepend="AND" property="COD_PROVINCIA"> EV.COD_PROVINCIA = #COD_PROVINCIA# </isNotNull>
		   <isNotNull prepend="AND" property="COD_DISTRITO"> EV.COD_DISTRITO LIKE '%' || #COD_DISTRITO# </isNotNull>
		   <isNotNull prepend="AND" property="NIVE_VIAT_NVI"> EV.NIVE_VIAT_NVI = #NIVE_VIAT_NVI# </isNotNull>
		   <isNotNull prepend="AND" property="ESTA_ESC_VIAT"> NVL(EV.ESTA_ESC_VIAT, 'N') = #ESTA_ESC_VIAT# </isNotNull>
		   AND EV.FEC_VIGENCIA = (
		      SELECT
		         MAX(EV1.FEC_VIGENCIA)
		      FROM
		         ESCALA_VIATICOS EV1
		      WHERE
		         TO_CHAR(EV1.FEC_VIGENCIA, 'YYYYMMDD') <![CDATA[ <= ]]> TO_CHAR(SYSDATE, 'YYYYMMDD')
		         AND EV1.CODI_CONC_PVI = EV.CODI_CONC_PVI
		         AND EV1.NIVE_VIAT_NVI = EV.NIVE_VIAT_NVI		         
		         <isNotNull prepend="AND" property="COD_DEPARTAMENTO"> EV1.COD_DEPARTAMENTO = #COD_DEPARTAMENTO# </isNotNull>
		         <isNotNull prepend="AND" property="COD_PROVINCIA"> EV1.COD_PROVINCIA = #COD_PROVINCIA# </isNotNull>
		         <isNotNull prepend="AND" property="COD_DISTRITO"> EV1.COD_DISTRITO LIKE '%' || #COD_DISTRITO# </isNotNull>
		         <isNotNull prepend="AND" property="NIVE_VIAT_NVI"> EV1.NIVE_VIAT_NVI = #NIVE_VIAT_NVI# </isNotNull>
		         <isNotNull prepend="AND" property="ESTA_ESC_VIAT"> NVL(EV1.ESTA_ESC_VIAT, 'N') = #ESTA_ESC_VIAT# </isNotNull>
		   )
		  
	</select>

</sqlMap>
	