<?xml version="1.0" encoding="UTF-8"?>
<!DOCTYPE sqlMap PUBLIC "-//ibatis.apache.org//DTD SQL Map 2.0//EN" "http://ibatis.apache.org/dtd/sql-map-2.dtd">

<sqlMap namespace="cuentaCorriente">

	<typeAlias alias="cuentaCorrienteBean" type="pe.gob.sunat.recurso2.financiera.siga.viatico.model.bean.CuentaCorrienteBean" />
	
	<resultMap id="cuentaCorrienteList" class="cuentaCorrienteBean">
		<result property="codigoBanco" column="CODI_BANC_BAN" />
		<result property="simboloMoneda" column="SIMB_MONE_MON" />
		<result property="nombreBanco" column="NOMB_BANC_BAN" />
		<result property="codigoCuentaBanco" column="CODI_CNTA_CTA" />
		<result property="numeroCuenta" column="DESC_CNTA_CTA" />
	</resultMap>
	
	<select id="obtenerCuentaCorriente" parameterClass="java.util.HashMap" resultMap="cuentaCorrienteList">
		SELECT
		C.CODI_BANC_BAN,
		C.SIMB_MONE_MON,
		B.NOMB_BANC_BAN,
		C.CODI_CNTA_CTA,
		C.DESC_CNTA_CTA
		FROM
		CUENTA_CORRIENTE C,
		BANCO B
		WHERE
		C.CODI_BANC_BAN = B.CODI_BANC_BAN AND
		C.ESTA_CNTA_CTA ='A' AND
		C.IND_VIATICO = 'S'
		<isNotNull prepend="AND" property="simboloMoneda"> TRIM(C.SIMB_MONE_MON) = #simboloMoneda# </isNotNull>
	</select>
	
</sqlMap>