<?xml version="1.0" encoding="UTF-8"?>
<!DOCTYPE sqlMap PUBLIC "-//ibatis.apache.org//DTD SQL Map 2.0//EN" "http://ibatis.apache.org/dtd/sql-map-2.dtd">

<sqlMap namespace="metas">

	<typeAlias alias="metasBean" type="pe.gob.sunat.recurso2.financiera.siga.viatico.model.bean.MetasBean" />

	<resultMap id="metasList" class="metasBean">
		<result property="secuFuncSfu" column="SECU_FUNC_SFU" />
		<result property="codiDepeTde" column="CODI_DEPE_TDE" />
		<result property="anioEjecucion" column="ANNO_EJEC_EJE" />
		<result property="codiProyPry" column="CODI_PROY_PRY" />
		<result property="descProyPry" column="DESC_PROY_PRY" />
		<result property="codiProdPrd" column="CODI_PROD_PRD" />
		<result property="codiLargPrd" column="CODI_LARG_PRD" />
		<result property="descProdPrd" column="DESC_PROD_PRD" />
		<result property="codiMetaMet" column="CODI_META_MET" />
		<result property="codiLargMet" column="CODI_LARG_MET" />
		<result property="descLargMet" column="DESC_LARG_MET" />
		<result property="indicadorMetaUUOO" column="IND_META_UUOO" />
	</resultMap>

	<select id="obtenerMetasBySecuFuncCodDependencia" parameterClass="java.util.HashMap" resultMap="metasList">
		SELECT
			METAS.SECU_FUNC_SFU,
			METAS.CODI_DEPE_TDE,
			METAS.ANNO_EJEC_EJE,
			METAS.IND_META_UUOO,
			PROYECTOS.CODI_PROY_PRY,
			PROYECTOS.DESC_PROY_PRY,
			PRODUCTOS.CODI_PROD_PRD,
			PRODUCTOS.CODI_PROY_PRY || '.' || PRODUCTOS.CODI_PROD_PRD AS CODI_LARG_PRD,
			PRODUCTOS.DESC_PROD_PRD,
			METAS_PRODUCTOS.CODI_META_MET,
			METAS_PRODUCTOS.CODI_PROY_PRY || '.' || METAS_PRODUCTOS.CODI_PROD_PRD || '.' || METAS_PRODUCTOS.CODI_META_MET AS CODI_LARG_MET,
			METAS_PRODUCTOS.DESC_LARG_MET
		FROM
			METAS,
			PROYECTOS,
			PRODUCTOS,
			METAS_PRODUCTOS,
			TDEPENDENCIAS
		WHERE
			PROYECTOS.CODI_PROY_PRY = METAS.CODI_PROY_PRY AND
			PRODUCTOS.CODI_PROY_PRY = METAS.CODI_PROY_PRY AND
			PRODUCTOS.CODI_PROD_PRD = METAS.CODI_PROD_PRD AND
			METAS_PRODUCTOS.CODI_PROY_PRY = METAS.CODI_PROY_PRY AND
			METAS_PRODUCTOS.CODI_PROD_PRD = METAS.CODI_PROD_PRD AND
			METAS_PRODUCTOS.CODI_META_MET = METAS.CODI_META_MET AND
			TDEPENDENCIAS.CODI_DEPE_TDE = METAS.CODI_DEPE_TDE AND
			TDEPENDENCIAS.CODI_SEDE_SED = METAS.CODI_SEDE_SED
			<isNotNull prepend="AND" property="anioEjecucion"> METAS.ANNO_EJEC_EJE = #anioEjecucion# </isNotNull>
			<isNotNull prepend="AND" property="secuFuncSfu"> METAS.SECU_FUNC_SFU = #secuFuncSfu# </isNotNull>
			<isNotNull prepend="AND" property="codiDepeTde"> METAS.CODI_DEPE_TDE = #codiDepeTde# </isNotNull>
			
		<!-- ordenacion por default -->
		<isNull prepend="ORDER BY" property="ordenarPor">
			METAS.SECU_FUNC_SFU ASC
		</isNull>
		<!-- ordenacion personalizada -->
		<isNotNull property="ordenarPor">
			<isEqual prepend="ORDER BY" property="ordenarPor" compareValue="CODIGO_PROY">
				PROYECTOS.CODI_PROY_PRY DESC
			</isEqual>
			<isEqual prepend="ORDER BY" property="ordenarPor" compareValue="SECU_FUNC">
				METAS.SECU_FUNC_SFU ASC
			</isEqual>
		</isNotNull>
		
	</select>
	
</sqlMap>