<?xml version="1.0" encoding="UTF-8" ?>
<!DOCTYPE sqlMap PUBLIC "-//ibatis.apache.org//DTD SQL Map 2.0//EN" "http://ibatis.apache.org/dtd/sql-map-2.dtd" >
<sqlMap namespace="nivelViatico" >

	<typeAlias alias="nivelBean" type="pe.gob.sunat.recurso2.financiera.siga.viatico.model.bean.NivelBean" />

	<resultMap id="nivelBeanResultMap" class="nivelBean">
		<result property="codigoNivel" column="CODI_NIVE_NVL" />
		<result property="descripcionNivel" column="DESC_NIVE_NVL" />
		<result property="nivelViatico" column="NIVE_VIAT_NVI" />
		<result property="descripcionCorta" column="DESC_CORT_NVL" />
		<result property="codigoMEF" column="CODIGO_MEF" />
	</resultMap>

	<select id="buscarNivelViatico" parameterClass="java.util.HashMap" resultMap="nivelBeanResultMap">  
		SELECT 
			CODI_NIVE_NVL, 
			DESC_NIVE_NVL, 
			NIVE_VIAT_NVI, 
			DESC_CORT_NVL, 
			CODIGO_MEF
		FROM 
			NIVELES 
		WHERE 
			TRIM(CODI_NIVE_NVL) = #codigoNivel#
	</select>
	 

</sqlMap>