<?xml version="1.0" encoding="UTF-8"?>
<!DOCTYPE sqlMap PUBLIC "-//ibatis.apache.org//DTD SQL Map 2.0//EN" "http://ibatis.apache.org/dtd/sql-map-2.dtd">

<sqlMap namespace="papeletasDepositos">
	
	<typeAlias alias="papeletaDepositoBean" type="pe.gob.sunat.recurso2.financiera.siga.viatico.model.bean.PapeletaDepositoBean" />
	
	<resultMap id="papeletaDepositoList" class="papeletaDepositoBean">
		<result property="codigoBoletaDeposito" column="CODI_BOLE_DEP" />
		<result property="codigoPlanViaje" column="COD_PLAN_VIAJE" />
		<result property="codigoComprobanteIngreso" column="CODI_COMP_ING" />
		<result property="nombreBanco" column="NOMB_BANC_BAN" />
		<result property="numeroCuentaBanco" column="DESC_CNTA_CTA" />
		<result property="numeroOperacion" column="BOLE_DEPO_ING" />
		<result property="fechaVoucher" column="FECH_DEPO_ING" />
		<result property="simboloMoneda" column="SIM_MONE_MON" />
		<result property="montoUtilizado" column="MONT_UTIL_BOL" />
		<result property="valorTipoCambio" column="VAL_TIP_CAMBIO" />
		<result property="montoDeposito" column="MONT_DEPO_ING" />
		<result property="numeroSerieFormulario" column="NUME_SERI_FOR" />
		<result property="numeroComprobanteIngreso" column="NUME_DOCU_FOR" />
	</resultMap>
	
	<!-- Select -->
	<select id="obtenerPapeletasDeposito" parameterClass="java.util.HashMap" resultMap="papeletaDepositoList">
		SELECT
		DEVOLUCION.CODI_BOLE_DEP CODI_BOLE_DEP,
		DEVOLUCION.COD_PLAN_VIAJE COD_PLAN_VIAJE,
		DEVOLUCION.CODI_COMP_ING CODI_COMP_ING,
		DEVOLUCION.NOMB_BANC_BAN NOMB_BANC_BAN,
		DEVOLUCION.DESC_CNTA_CTA DESC_CNTA_CTA,
		DEVOLUCION.BOLE_DEPO_ING BOLE_DEPO_ING,
		DEVOLUCION.FECH_DEPO_ING FECH_DEPO_ING,
		DEVOLUCION.SIM_MONE_MON SIM_MONE_MON,
		DEVOLUCION.MONT_UTIL_BOL MONT_UTIL_BOL,
		DEVOLUCION.VAL_TIP_CAMBIO VAL_TIP_CAMBIO,
		DEVOLUCION.MONT_DEPO_ING MONT_DEPO_ING,
		TRIM(CINGRESO.NUME_SERI_FOR) NUME_SERI_FOR,
		TRIM(CINGRESO.NUME_DOCU_FOR) NUME_DOCU_FOR
		FROM
		(
			SELECT
			PAPELETA.CODI_BOLE_DEP CODI_BOLE_DEP,
			PAPELETA.COD_PLAN_VIAJE COD_PLAN_VIAJE,
			PAPELETA.NUM_COMP_ING CODI_COMP_ING,
			BAN.NOMB_BANC_BAN NOMB_BANC_BAN,
			CUENTA.DESC_CNTA_CTA DESC_CNTA_CTA,
			PAPELETA.BOLE_DEPO_ING BOLE_DEPO_ING,
			PAPELETA.FECH_DEPO_ING FECH_DEPO_ING,
			TRIM(PAPELETA.SIM_MONE_MON) SIM_MONE_MON,
			PAPELETA.MONT_UTIL_BOL MONT_UTIL_BOL,
			PAPELETA.VAL_TIP_CAMBIO VAL_TIP_CAMBIO,
			PAPELETA.MONT_DEPO_ING MONT_DEPO_ING
			FROM
			PAPELETAS_DEPOSITOS PAPELETA,
			BANCO BAN,
			CUENTA_CORRIENTE CUENTA
			WHERE
			PAPELETA.CODI_BANC_BAN = BAN.CODI_BANC_BAN AND
			PAPELETA.CODI_CNTA_CTA = CUENTA.CODI_CNTA_CTA
			<isNotNull prepend="AND" property="codigoPlanViaje"> PAPELETA.COD_PLAN_VIAJE = #codigoPlanViaje# </isNotNull>
			ORDER BY PAPELETA.FECH_DEPO_ING
		) DEVOLUCION
		LEFT JOIN COMPROBANTES_INGRESO CINGRESO
		ON DEVOLUCION.CODI_COMP_ING = CINGRESO.CODI_COMP_ING
	</select>
	
	<select id="obtenerSecuencialCodigoBoletaDeposito" parameterClass="java.util.HashMap" resultClass="java.lang.String">
		SELECT
		LPAD(MAX(CODI_BOLE_DEP) + 1 ,8,'0')
		FROM
		PAPELETAS_DEPOSITOS
	</select>
	
	<select id="obtenerNumeroRegistroArchivo" parameterClass="java.util.HashMap" resultClass="java.lang.String">
		SELECT
		PAPELETA.NUM_REG_ARCHIVO
		FROM
		PAPELETAS_DEPOSITOS PAPELETA
		WHERE
		PAPELETA.CODI_BOLE_DEP = #codigoPapeletaDeposito#
	</select>
	
	<resultMap id="papeletaDepositoMontoDepositadoList" class="papeletaDepositoBean">
		<result property="codigoPlanViaje" column="COD_PLAN_VIAJE" />
		<result property="montoDeposito" column="MONT_DEPO_ING" />
	</resultMap>
	
	<select id="obtenerMontoDepositado" parameterClass="java.util.HashMap" resultMap="papeletaDepositoMontoDepositadoList">
		SELECT
		PAPELETA.COD_PLAN_VIAJE,
		SUM(PAPELETA.MONT_DEPO_ING) MONT_DEPO_ING
		FROM
		PAPELETAS_DEPOSITOS PAPELETA
		WHERE
		PAPELETA.COD_PLAN_VIAJE = #codigoPlanViaje#
		GROUP BY
		PAPELETA.COD_PLAN_VIAJE
	</select>
	
	<resultMap id="papeletaDeposito" class="papeletaDepositoBean">
		<result property="codigoBoletaDeposito" column="CODI_BOLE_DEP" />
		<result property="codigoPlanViaje" column="COD_PLAN_VIAJE" />
		<result property="numeroOperacion" column="BOLE_DEPO_ING" />
		<result property="codigoComprobanteIngreso" column="MONT_DEPO_ING" />
		<result property="numeroRegistroArchivo" column="NUM_REG_ARCHIVO" />
	</resultMap>
	
	<select id="obtenerPapeletaDeposito" parameterClass="java.util.HashMap" resultMap="papeletaDeposito">
		SELECT 
			PD.CODI_BOLE_DEP,
			PD.COD_PLAN_VIAJE,
			PD.BOLE_DEPO_ING, 
			PD.MONT_DEPO_ING, 
			PD.NUM_REG_ARCHIVO 
		FROM PAPELETAS_DEPOSITOS PD 
		WHERE PD.CODI_BOLE_DEP = #codigoBoletaDeposito#
	</select>
	
	<!-- Insert -->
	<insert id="insertarPapeletaDeposito" parameterClass="papeletaDepositoBean">
		INSERT INTO PAPELETAS_DEPOSITOS(
		CODI_BOLE_DEP,
		COD_PLAN_VIAJE,
		CODI_BANC_BAN,
		CODI_CNTA_CTA,
		BOLE_DEPO_ING,
		FECH_DEPO_ING,
		FLAG_INGR_BOL,
		SIM_MONE_MON,
		MONT_UTIL_BOL,
		VAL_TIP_CAMBIO,
		MONT_DEPO_ING,
		COD_PERSONA
		) VALUES(
		#codigoBoletaDeposito#,
		#codigoPlanViaje#,
		#codigoBanco#,
		#codigoCuentaBanco#,
		#numeroOperacion#,
		#fechaVoucher#,
		#flagBoletaDeposito#,
		#simboloMoneda#,
		#montoUtilizado#,
		#valorTipoCambio#,
		#montoDeposito#,
		#codigoPersona#
		)
	</insert>
	
	<!-- Update -->
	<update id="actualizarCodigoPlanViaje" parameterClass="java.util.HashMap" >
		UPDATE PAPELETAS_DEPOSITOS
		SET
		COD_PLAN_VIAJE = #codigoPlanViajeAux#
		WHERE
		CODI_BOLE_DEP = #codigoBoletaDeposito# AND
		COD_PLAN_VIAJE = #codigoPlanViaje#
	</update>
	
	<update id="actualizarNumeroArchivo" parameterClass="papeletaDepositoBean" >
		UPDATE PAPELETAS_DEPOSITOS PD
		SET
		PD.NUM_REG_ARCHIVO = #numeroRegistroArchivo#
		WHERE
		CODI_BOLE_DEP = #codigoBoletaDeposito#
	</update>
	
	
	<select id="countPapeletaDeposito" parameterClass="papeletaDepositoBean" resultClass="java.lang.Integer">
		select count(1) 
		from plan_viaje a, papeletas_depositos b
		where 
			a.plan_viaje_id=b.cod_plan_viaje and 
			a.sede_origen=#codigoSede# and 
			b.codi_banc_ban=#codigoBanco# and 
			b.codi_cnta_cta=#codigoCuentaBanco# and 
			b.bole_depo_ing like '%$numeroOperacionWithoutZerosLeft$' 
	</select>
	
	<!-- SE BORRA LA PAPELETA DEPOSITO -->
	<delete id="eliminarPapeletaDeposito" parameterClass="java.util.HashMap" >
		DELETE FROM PAPELETAS_DEPOSITOS
		WHERE CODI_BOLE_DEP = #codigoBoletaDeposito# AND COD_PLAN_VIAJE = #codigoPlanViaje#
	</delete>
	
</sqlMap>