<?xml version="1.0" encoding="UTF-8"?>
<!DOCTYPE sqlMap PUBLIC "-//ibatis.apache.org//DTD SQL Map 2.0//EN" "http://ibatis.apache.org/dtd/sql-map-2.dtd">

<sqlMap namespace="planViajeInformeDistrib">
	<typeAlias alias="planViajeInformeDistribBean" type="pe.gob.sunat.recurso2.financiera.siga.viatico.model.bean.PlanViajeInformeDistribBean" />
	
		<resultMap id="planViajeInformeDistribList" class="planViajeInformeDistribBean">
			<result property="planViajeId" column="PLAN_VIAJE_ID" />
			<result property="secuencial" column="SECUENCIAL" />
			<result property="userCrea" column="USER_CREA" />
			<result property="fechCrea" column="FECH_CREA" />
			<result property="userModi" column="USER_MODI" />
			<result property="fechModi" column="FECH_MODI" />
			<result property="codConcepto" column="COD_CONCEPTO" />
			<result property="fecViatico" column="FEC_VIATICO" />
			<result property="mtoDocumento" column="MTO_DOCUMENTO" />
			<result property="codConceptoOri" column="COD_CONCEPTO_ORI" />
			<result property="mtoTope" column="MTO_TOPE" />
			<result property="annClasificador" column="ANN_CLASIFICADOR" />
			<result property="clasGastGas" column="CLAS_GAST_GAS" />
			<result property="indItinerario" column="IND_ITINERARIO" />
		</resultMap>
		
		
		
		<select id="listaPlanViajeInformeDistrib"  parameterClass="java.util.HashMap" resultMap="planViajeInformeDistribList">	
			SELECT 
	          PLAN_VIAJE_ID,
	          SECUENCIAL,
	          USER_CREA,
	          FECH_CREA,
	          USER_MODI,
	          FECH_MODI,
	          COD_CONCEPTO,
	          TO_DATE(FEC_VIATICO,'DD/MM/YY') FEC_VIATICO,
	          MTO_DOCUMENTO,
	          COD_CONCEPTO_ORI,
	          MTO_TOPE,
	          ANN_CLASIFICADOR,
	          CLAS_GAST_GAS,
	          IND_ITINERARIO
       		FROM PLAN_VIAJE_INFORME_DISTRIB PVID
		       WHERE 
		      PVID.PLAN_VIAJE_ID = #planViajeId#       
       		  <isNotNull prepend="AND" property="secuencial" > PVID.SECUENCIAL = #secuencial# </isNotNull>
       		  <isNotNull prepend="AND" property="codConceptoOri" > PVID.COD_CONCEPTO_ORI = #codConceptoOri# </isNotNull>
       		  ORDER BY PVID.FEC_VIATICO
		</select>
	
	<select id="obtenerAsignacionGastoViatico" parameterClass="java.util.HashMap" resultClass="planViajeInformeDistribBean">
		SELECT
		INFORME.PLAN_VIAJE_ID AS planViajeId,
		INFORME.FEC_VIATICO AS fecViatico,
		CONCEPTO.DESC_CONC_PVI AS descripcionConceptoPVI,
		INFORME.COD_CONCEPTO AS codConcepto,
		TRIM(CONCEPTO.IND_ITINERARIO) AS indItinerario,
		SUM(INFORME.MTO_DOCUMENTO) AS montoTotal
		<isNotNull prepend="," property="secuencial"> INFORME.SECUENCIAL AS secuencial </isNotNull>
		FROM
		PLAN_VIAJE_INFORME_DISTRIB INFORME,
		CONCEPTO_PLANILLA_VIATICOS CONCEPTO
		WHERE
		INFORME.COD_CONCEPTO = CONCEPTO.CODI_CONC_PVI AND
		(INFORME.COD_CONCEPTO_ORI = '01' OR INFORME.COD_CONCEPTO_ORI = '12')
		<isNotNull prepend="AND" property="planViajeId"> INFORME.PLAN_VIAJE_ID = #planViajeId# </isNotNull>
		<isNotNull prepend="AND" property="secuencial"> INFORME.SECUENCIAL = #secuencial# </isNotNull>
		GROUP BY
		INFORME.PLAN_VIAJE_ID,
		INFORME.FEC_VIATICO,
		CONCEPTO.DESC_CONC_PVI,
		INFORME.COD_CONCEPTO,
		CONCEPTO.IND_ITINERARIO
		<isNotNull prepend="," property="secuencial"> INFORME.SECUENCIAL </isNotNull>
		ORDER BY
		INFORME.FEC_VIATICO,
		INFORME.COD_CONCEPTO
		<isNotNull prepend="," property="secuencial"> INFORME.SECUENCIAL </isNotNull>
	</select>
	
	<select id="obtenerPasajeTasaEmbarque" parameterClass="java.util.HashMap" resultClass="planViajeInformeDistribBean">
		SELECT
		INFORME.PLAN_VIAJE_ID AS planViajeId,
		INFORME.FEC_VIATICO AS fecViatico,
		INFORME.COD_CONCEPTO AS codConcepto,
		CONCEPTO.DESC_CONC_PVI AS descripcionConceptoPVI,
		TRIM(CONCEPTO.IND_TIPO) AS indTipo,
		SUM(INFORME.MTO_DOCUMENTO) AS montoTotal
		<isNotNull prepend="," property="secuencial"> INFORME.SECUENCIAL AS secuencial </isNotNull>
		FROM
		PLAN_VIAJE_INFORME_DISTRIB INFORME,
		CONCEPTO_PLANILLA_VIATICOS CONCEPTO,
		PLAN_VIAJE VIAJE
		WHERE
		INFORME.COD_CONCEPTO_ORI = CONCEPTO.CODI_CONC_PVI AND
		INFORME.PLAN_VIAJE_ID = VIAJE.PLAN_VIAJE_ID AND
		NVL(CONCEPTO.DESC_COMBINACION1, '%') LIKE (CASE TRIM(VIAJE.TIPO_DESTINO) WHEN '01' THEN 'N01' ELSE '%' END) AND
		NVL(CONCEPTO.DESC_COMBINACION2, '%') LIKE (CASE TRIM(VIAJE.TIPO_DESTINO) WHEN '02' THEN 'I01' ELSE '%' END) AND
		TRIM(CONCEPTO.IND_TIPO) != 'V'
		<isNotNull prepend="AND" property="planViajeId"> INFORME.PLAN_VIAJE_ID = #planViajeId# </isNotNull>
		<isNotNull prepend="AND" property="secuencial"> INFORME.SECUENCIAL = #secuencial# </isNotNull>
		GROUP BY
		INFORME.PLAN_VIAJE_ID,
		INFORME.FEC_VIATICO,
		INFORME.COD_CONCEPTO,
		CONCEPTO.DESC_CONC_PVI,
		CONCEPTO.IND_TIPO
		<isNotNull prepend="," property="secuencial"> INFORME.SECUENCIAL </isNotNull>
		ORDER BY
		INFORME.FEC_VIATICO,
		INFORME.COD_CONCEPTO
		<isNotNull prepend="," property="secuencial"> INFORME.SECUENCIAL </isNotNull>
	</select>
	
	<select id="obtenerMontoRendidoDiario" parameterClass="java.util.HashMap" resultClass="planViajeInformeDistribBean">
		SELECT
		MONTO.PLAN_VIAJE_ID planViajeId,
		MONTO.FEC_VIATICO fecViatico,
		SUM(MONTO.MTO_DOCUMENTO) montoTotal
		FROM
		(
			SELECT
			DISTRIBUCION.PLAN_VIAJE_ID PLAN_VIAJE_ID,
			DISTRIBUCION.FEC_VIATICO FEC_VIATICO,
			DISTRIBUCION.MTO_DOCUMENTO MTO_DOCUMENTO
			FROM
			PLAN_VIAJE_INFORME_DISTRIB DISTRIBUCION
			WHERE
			(DISTRIBUCION.COD_CONCEPTO_ORI = '01') AND
			DISTRIBUCION.PLAN_VIAJE_ID = #planViajeId#
			
			UNION ALL
		
			SELECT
			RENDICION.PLAN_VIAJE_ID PLAN_VIAJE_ID,
			RENDICION.FECHA_DOCUMENTO FEC_VIATICO,
			RENDICION.MONTO_DOCUMENTO MTO_DOCUMENTO
			FROM
			PLAN_VIAJE_RENDICION RENDICION
			WHERE
			(RENDICION.CONCEPTO_ID = '01') AND
			(RENDICION.TIPO_DOCUMENTO = '915' OR RENDICION.TIPO_DOCUMENTO = '067') AND
			RENDICION.PLAN_VIAJE_ID = #planViajeId#
		) MONTO
		GROUP BY
		MONTO.PLAN_VIAJE_ID,
		MONTO.FEC_VIATICO
	</select>
		
		<resultMap id="planViajeInformeDistribListDetalleGastoReporte" class="planViajeInformeDistribBean">
			<result property="planViajeId" column="PLAN_VIAJE_ID" />
			<result property="fecViatico" column="FEC_VIATICO" />
			<result property="detalleGasto" column="DETALLE_GASTO" /> 
			<result property="mtoDocumento" column="MONTO" />
			<result property="moneda" column="MONEDA" />
		</resultMap>
	
	
	<select id="obtenerDetalleGastoReporte" parameterClass="java.util.HashMap" resultMap="planViajeInformeDistribListDetalleGastoReporte">		   
	   	SELECT
	   		PVIB.PLAN_VIAJE_ID, 
	   		PVIB.FEC_VIATICO,
	       	CPV2.DESC_CONC_PVI DETALLE_GASTO,
	       	SUM(NVL(PVIB.MTO_DOCUMENTO, 0)) MONTO,
	       	PV.MONEDA
	  	FROM PLAN_VIAJE_INFORME_DISTRIB PVIB,
	       PLAN_VIAJE                 PV,
	       CONCEPTO_PLANILLA_VIATICOS CPV2,
         PLAN_VIAJE_RENDICION  PVR
	  	WHERE PV.PLAN_VIAJE_ID = PVIB.PLAN_VIAJE_ID
       	 AND PV.PLAN_VIAJE_ID= PVR.PLAN_VIAJE_ID
       	 AND PVR.SECUENCIAL=PVIB.SECUENCIAL        
	   	 AND PV.PLAN_VIAJE_ID = #planViajeId#
		 AND PVIB.IND_ITINERARIO = CPV2.IND_ITINERARIO
		 AND PVIB.COD_CONCEPTO = CPV2.CODI_CONC_PVI(+)
		 <isNotNull prepend=" AND " property="tipoDocumento"> PVR.TIPO_DOCUMENTO = #tipoDocumento# </isNotNull>    
		 GROUP BY PVIB.PLAN_VIAJE_ID, PVIB.FEC_VIATICO, CPV2.DESC_CONC_PVI, PV.MONEDA
		 ORDER BY FEC_VIATICO
	</select>
		
		
		<resultMap id="planViajeInformeDistribSumaMontoRendidoList" class="planViajeInformeDistribBean">			
			<result property="fecViatico" column="FEC_VIATICO" />
			<result property="sumaMontoRendido" column="SUMA_MONTO_RENDIDO" /> 
		</resultMap>
		
	<select id="obtenerSumaMontoRendido" parameterClass="java.util.HashMap" resultMap="planViajeInformeDistribSumaMontoRendidoList">
		SELECT 
			TO_DATE(PVID.FEC_VIATICO,'DD/MM/YY') FEC_VIATICO, 
			SUM(PVID.MTO_DOCUMENTO) SUMA_MONTO_RENDIDO
     	FROM PLAN_VIAJE_INFORME_DISTRIB PVID 
     	WHERE 
     	 PVID.PLAN_VIAJE_ID = #planViajeId# 
    	 AND PVID.COD_CONCEPTO_ORI = #codConceptoOri#
    	GROUP BY PVID.FEC_VIATICO ORDER BY PVID.FEC_VIATICO
	</select>
		
		<insert id="registrarPlanViajeInformeDistrib" parameterClass="planViajeInformeDistribBean">
			
			INSERT INTO PLAN_VIAJE_INFORME_DISTRIB (
			PLAN_VIAJE_ID,
	          SECUENCIAL,
	          USER_CREA,
	          FECH_CREA,
	          USER_MODI,
	          FECH_MODI,
	          COD_CONCEPTO,
	          FEC_VIATICO,
	          MTO_DOCUMENTO,
	          COD_CONCEPTO_ORI,
	          MTO_TOPE,
	          ANN_CLASIFICADOR,
	          CLAS_GAST_GAS,
	          IND_ITINERARIO
			)			
			VALUES(
				#planViajeId#,
				#secuencial#,
				#userCrea#,
				#fechCrea#,
				#userModi#,
				#fechModi#,
				#codConcepto#,
				#fecViatico#,
				#mtoDocumento#,
				#codConceptoOri#,
				#mtoTope#,
				#annClasificador#,
				#clasGastGas#,
				#indItinerario#
			)			
			
		</insert>
		
		
		<update id="actualizarPlanViajeInformeDistrib" parameterClass="planViajeInformeDistribBean">
			UPDATE PLAN_VIAJE_INFORME_DISTRIB
				<dynamic prepend="SET">				
			          <isNotNull prepend="," property="mtoDocumento"> MTO_DOCUMENTO = #mtoDocumento# </isNotNull>
			          <isNotNull prepend="," property="codConceptoOri"> COD_CONCEPTO_ORI = #codConceptoOri# </isNotNull>
			          <isNotNull prepend="," property="mtoTope"> MTO_TOPE = #mtoTope# </isNotNull>
			          <isNotNull prepend="," property="annClasificador"> ANN_CLASIFICADOR = #annClasificador# </isNotNull>
				</dynamic>
			WHERE
				PLAN_VIAJE_ID = #planViajeId#  
			<isNotNull prepend="AND" property="secuencial"> SECUENCIAL = #secuencial#</isNotNull>		
			<isNotNull prepend="AND" property="indItinerario"> IND_ITINERARIO = #indItinerario#</isNotNull>		
			<isNotNull prepend="AND" property="fecViatico"> TO_CHAR(FEC_VIATICO,'DD/MM/YYYY') = TO_CHAR(#fecViatico#,'DD/MM/YYYY')</isNotNull>
		</update>
	
	<delete id="eliminarPlanViajeInformeDistrib" parameterClass="planViajeInformeDistribBean">
		DELETE FROM PLAN_VIAJE_INFORME_DISTRIB WHERE PLAN_VIAJE_ID = #planViajeId#  AND SECUENCIAL = #secuencial#
	</delete>
	
</sqlMap>