<?xml version="1.0" encoding="UTF-8"?>
<!DOCTYPE sqlMap PUBLIC "-//ibatis.apache.org//DTD SQL Map 2.0//EN" "http://ibatis.apache.org/dtd/sql-map-2.dtd">

<sqlMap namespace="planViajeConceptos">
	
	<typeAlias alias="planViajeConceptoBean" type="pe.gob.sunat.recurso2.financiera.siga.viatico.model.bean.PlanViajeConceptoBean" />
	
	<resultMap id="planViajeConceptoBeanResultMap" class="planViajeConceptoBean">
	    <result property="planViajeID" column="PLAN_VIAJE_ID" />
	    <result property="conceptoID" column="CONCEPTO_ID" />
	    <result property="cantidad" column="CANTIDAD" />
	    <result property="monto" column="MONTO" />
	    <result property="clasificadorGasto" column="CLASIFICADOR_GASTO" />
	    <result property="montoManual" column="MONTO_MANUAL" />
	    <result property="montoReal" column="MONTO_REAL" />
	    <result property="usuarioCreacion" column="USER_CREA" />
	    <result property="fechaCreacion" column="FECH_CREA" />
	    <result property="usuarioModificacion" column="USER_MODI" />
	    <result property="fechaModificacion" column="FECH_MODI" />
	    <result property="montoRendido" column="MTO_RENDIDO" />
	    <result property="montoDevuelto" column="MTO_DEVUELTO" />
	    <result property="montoRic" column="MTO_RIC" />
	</resultMap>
	
	<select id="buscarPlanViajeConceptos" parameterClass="java.util.HashMap" resultMap="planViajeConceptoBeanResultMap">
		SELECT 
			PLAN_VIAJE_ID,
			CONCEPTO_ID,
			CANTIDAD,
			MONTO,
			CLASIFICADOR_GASTO,
			MONTO_MANUAL,
			MONTO_REAL,
			USER_CREA,
			FECH_CREA,
			USER_MODI,
			FECH_MODI,
			NVL(MTO_RENDIDO,0) MTO_RENDIDO,
			MTO_DEVUELTO,
			MTO_RIC
		FROM PLAN_VIAJE_CONCEPTOS
		<dynamic prepend="WHERE">
			<isNotNull prepend="AND" property="planViajeID"> PLAN_VIAJE_ID = #planViajeID# </isNotNull>
			<isNotNull prepend="AND" property="conceptoID"> CONCEPTO_ID = #conceptoID# </isNotNull>
			<isNotNull prepend="AND" property="clasificadorGasto"> CLASIFICADOR_GASTO = #clasificadorGasto# </isNotNull>
		</dynamic>
		ORDER BY PLAN_VIAJE_ID, CONCEPTO_ID
	</select>
	
	<resultMap id="planViajeConceptoToRendicionList" class="planViajeConceptoBean">
		<result property="planViajeID" column="PLAN_VIAJE_ID" />
	    <result property="conceptoID" column="CONCEPTO_ID" />
	    <result property="descripcionConcepto" column="DESC_CONC_PVI" />
	    <result property="cantidad" column="CANTIDAD" />
	    <result property="monto" column="MONTO" />
	    <result property="montoRendido" column="MTO_RENDIDO" />
	    <result property="montoDevuelto" column="MTO_DEVUELTO" />
	    <result property="montoRic" column="MTO_RIC" />
	    <result property="clasificadorGasto" column="CLASIFICADOR_GASTO" />
	</resultMap>
	
	<select id="obtenerPlanViajeConceptoToRendicion" parameterClass="java.util.HashMap" resultMap="planViajeConceptoToRendicionList">
		SELECT
		VIAJE.PLAN_VIAJE_ID,
		VIAJE.CONCEPTO_ID,
		CONCEPTO.DESC_CONC_PVI,
		VIAJE.CANTIDAD,
		VIAJE.MONTO,
		VIAJE.MTO_RENDIDO,
		VIAJE.MTO_DEVUELTO,
		VIAJE.MTO_RIC,
		VIAJE.CLASIFICADOR_GASTO
		FROM
		PLAN_VIAJE_CONCEPTOS VIAJE,
		CONCEPTO_PLANILLA_VIATICOS CONCEPTO
		WHERE
		VIAJE.CONCEPTO_ID = CONCEPTO.CODI_CONC_PVI
		<isNotNull prepend="AND" property="planViajeID"> VIAJE.PLAN_VIAJE_ID = #planViajeID# </isNotNull>
		ORDER BY VIAJE.CONCEPTO_ID
	</select>
	
	<resultMap id="planViajeConceptoMontoList" class="planViajeConceptoBean">
		<result property="planViajeID" column="PLAN_VIAJE_ID" />
	    <result property="conceptoID" column="CONCEPTO_ID" />
	    <result property="montoRendido" column="MTO_RENDIDO" />
	    <result property="montoDevuelto" column="MTO_DEVUELTO" />
	</resultMap>
	
	<select id="obtenerPlanViajeConceptoMonto" parameterClass="java.util.HashMap" resultMap="planViajeConceptoMontoList">
		SELECT
		VIAJE.PLAN_VIAJE_ID,
		VIAJE.CONCEPTO_ID,
		VIAJE.MTO_RENDIDO,
		VIAJE.MTO_DEVUELTO
		FROM
		PLAN_VIAJE_CONCEPTOS VIAJE
		WHERE
		VIAJE.CONCEPTO_ID = #conceptoID# AND
		VIAJE.PLAN_VIAJE_ID = #planViajeID#
	</select>
	
	<insert id="registrarPlanViajeConcepto" parameterClass="planViajeConceptoBean">
	
	    INSERT INTO PLAN_VIAJE_CONCEPTOS(
	        PLAN_VIAJE_ID,
	        CONCEPTO_ID,
	        CANTIDAD,
	        MONTO,
	        CLASIFICADOR_GASTO,
	        MONTO_MANUAL,
	        MONTO_REAL,
	        MTO_RENDIDO,
	        MTO_DEVUELTO,
	        MTO_RIC
	    ) VALUES (
	        #planViajeID#,
	        #conceptoID#,
	        #cantidad#,
	        #monto#,
	        #clasificadorGasto#,
	        #montoManual#,
	        #montoReal#,
	        #montoRendido#,
	        #montoDevuelto#,
	        #montoRic#
	    )
	    
	</insert>		
	
	<update id="actualizarPlanViajeConcepto" parameterClass="planViajeConceptoBean">
		 UPDATE
			PLAN_VIAJE_CONCEPTOS
		 <dynamic prepend="SET">
			<isNotNull prepend="," property="cantidad"> CANTIDAD = #cantidad# </isNotNull>
			<isNotNull prepend="," property="monto"> MONTO = #monto# </isNotNull>
			<isNotNull prepend="," property="clasificadorGasto"> CLASIFICADOR_GASTO = #clasificadorGasto# </isNotNull>
			<isNotNull prepend="," property="montoManual"> MONTO_MANUAL = #montoManual# </isNotNull>
			<isNotNull prepend="," property="montoReal"> MONTO_REAL = #montoReal# </isNotNull>
			<isNotNull prepend="," property="montoRendido"> MTO_RENDIDO = #montoRendido# </isNotNull>
			<isNotNull prepend="," property="montoDevuelto"> MTO_DEVUELTO = #montoDevuelto# </isNotNull>
			<isNotNull prepend="," property="montoRic"> MTO_RIC = #montoRic# </isNotNull>
		</dynamic>						
		WHERE 
			PLAN_VIAJE_ID = #planViajeID# AND CONCEPTO_ID = #conceptoID#
	</update>
	
	
	<update id="actualizarMontoDevueltoVoucher" parameterClass="planViajeConceptoBean">
		UPDATE PLAN_VIAJE_CONCEPTOS
		SET
		MTO_DEVUELTO = #montoDevuelto#
		WHERE
		PLAN_VIAJE_ID = #planViajeID# AND
		CONCEPTO_ID = #conceptoID#
	</update>
	
	<update id="actualizarMontoRendidoComprobante" parameterClass="planViajeConceptoBean">
		UPDATE PLAN_VIAJE_CONCEPTOS
		SET
		MTO_RENDIDO = #montoRendido#
		WHERE
		PLAN_VIAJE_ID = #planViajeID# AND
		CONCEPTO_ID = #conceptoID#
	</update>

	<delete id="eliminarPlanViajeConceptos" parameterClass="java.util.HashMap" >
		DELETE FROM PLAN_VIAJE_CONCEPTOS
		WHERE PLAN_VIAJE_ID = #planViajeID# 
		<isNotNull prepend="AND" property="conceptoId"> CONCEPTO_ID = #conceptoId# </isNotNull>
	</delete>	
	
</sqlMap>
	