<?xml version="1.0" encoding="UTF-8"?>
<!DOCTYPE sqlMap PUBLIC "-//ibatis.apache.org//DTD SQL Map 2.0//EN" "http://ibatis.apache.org/dtd/sql-map-2.dtd">

<sqlMap namespace="planViajeRendicion">
	
	<typeAlias alias="planViajeRendicionBean" type="pe.gob.sunat.recurso2.financiera.siga.viatico.model.bean.PlanViajeRendicionBean" />
	
	<resultMap id="planViajeRendicionList" class="planViajeRendicionBean">
		<result property="planViajeId" column="PLAN_VIAJE_ID" />
		<result property="secuencial" column="SECUENCIAL" />
		<result property="tipoDocumento" column="TIPO_DOCUMENTO" />
		<result property="serie" column="SERIE" />
		<result property="numeroDocumento" column="NUMERO_DOCUMENTO" />
		<result property="fechaDocumento" column="FECHA_DOCUMENTO" />
		<result property="fechaIngreso" column="FECHA_INGRESO" />
		<result property="ruc" column="RUC" />
		<result property="trabajador" column="TRABAJADOR" />
		<result property="dependencia" column="DEPENDENCIA" />
		<result property="conceptoId" column="CONCEPTO_ID" />
		<result property="montoDocumento" column="MONTO_DOCUMENTO" />
		<result property="montoIgv" column="MONTO_IGV" />
		<result property="presupuestoAnno" column="PRESUPUESTO_ANNO" />
		<result property="presupuestoMeta" column="PRESUPUESTO_META" />
		<result property="clasificadorGasto" column="CLASIFICADOR_GASTO" />
		<result property="cuentaContable" column="CUENTA_CONTABLE" />
		<result property="lugarGasto" column="LUGAR_GASTO"/>
		<result property="userCrea" column="USER_CREA" />
		<result property="fechCrea" column="FECH_CREA" />
		<result property="userModi" column="USER_MODI" />
		<result property="fechModi" column="FECH_MODI" />
		<result property="mtoOtrosGastos" column="MTO_OTROS_GASTOS" />
		<result property="indAfectoIgv" column="IND_AFECTO_IGV" />
		<result property="personaId" column="PERSONA_ID" />
		<result property="indValido" column="IND_VALIDO" />
		<result property="numPeriodo" column="NUM_PERIODO" />
		<result property="numSecuencial" column="NUM_SECUENCIAL" />
		<result property="codLibro" column="COD_LIBRO" />
		<result property="montoRendicion" column="MTO_RENDICION" />
	</resultMap>
	
	<resultMap id="planViajeRendicionListFechaDocumento" class="planViajeRendicionBean">
		<result property="planViajeId" column="PLAN_VIAJE_ID" />
		<result property="fechaDocumento" column="FECHA_DOCUMENTO" />
	</resultMap>	
	
	<select id="listaPlanViajeRendicion"  parameterClass="java.util.HashMap" resultMap="planViajeRendicionList">
		SELECT 
			PLAN_VIAJE_ID,
			SECUENCIAL,
			TIPO_DOCUMENTO,
			SERIE,
			NUMERO_DOCUMENTO,
			FECHA_DOCUMENTO,
			FECHA_INGRESO,
			RUC,
			TRABAJADOR,
			DEPENDENCIA,
			CONCEPTO_ID,
			MONTO_DOCUMENTO,
			MONTO_IGV,
			PRESUPUESTO_ANNO,
			PRESUPUESTO_META,
			CLASIFICADOR_GASTO,
			CUENTA_CONTABLE,
			LUGAR_GASTO,
			USER_CREA,
			FECH_CREA,
			USER_MODI,
			FECH_MODI,
			MTO_OTROS_GASTOS,
			IND_AFECTO_IGV,
			PERSONA_ID,
			IND_VALIDO,
			NUM_PERIODO,
			NUM_SECUENCIAL,
			COD_LIBRO,
			MTO_RENDICION
		FROM PLAN_VIAJE_RENDICION WHERE PLAN_VIAJE_ID = #planViajeId#		
	</select>
	
	
	
	<resultMap id="planViajeRendicionDocumentoSustentario" class="planViajeRendicionBean">	
	    <result property="planViajeId" column="PLAN_VIAJE_ID" />
		<result property="secuencial" column="SECUENCIAL" />
		<result property="tipoDocumento" column="TIPO_DOCUMENTO" />
		<result property="serie" column="SERIE" />
		<result property="numeroDocumento" column="NUMERO_DOCUMENTO" />
		<result property="fechaDocumento" column="FECHA_DOCUMENTO" />
		<result property="fechaIngreso" column="FECHA_INGRESO" />
		<result property="ruc" column="RUC" />
		<result property="trabajador" column="TRABAJADOR" />
		<result property="dependencia" column="DEPENDENCIA" />
		<result property="conceptoId" column="CONCEPTO_ID" />
		<result property="montoDocumento" column="MONTO_DOCUMENTO" />
		<result property="montoIgv" column="MONTO_IGV" />
		<result property="presupuestoAnno" column="PRESUPUESTO_ANNO" />
		<result property="presupuestoMeta" column="PRESUPUESTO_META" />
		<result property="clasificadorGasto" column="CLASIFICADOR_GASTO" />	
			
		<result property="lugarGasto" column="LUGAR_GASTO"/>
		<result property="mtoOtrosGastos" column="MTO_OTROS_GASTOS" />
		<result property="valorVenta" column="VALOR_VENTA" />
		<result property="descDocuTpd" column="DESC_DOCU_TPD" />
		<result property="indAfectoIgv" column="IND_AFECTO_IGV" />
		<result property="personaId" column="PERSONA_ID" />
		<result property="razoSociPro" column="RAZO_SOCI_PRO" />
		<result property="montoRendicion" column="MTO_RENDICION" />
		
		
		
	</resultMap>
	

 	<select id="planViajeRendicionDocumento" parameterClass="java.util.HashMap" resultMap="planViajeRendicionDocumentoSustentario" > 	
 		SELECT R.PLAN_VIAJE_ID,   
         NVL(R.SECUENCIAL,'') AS SECUENCIAL,   
         R.TIPO_DOCUMENTO,   
         NVL(R.SERIE,'') AS SERIE,   
         NVL(R.NUMERO_DOCUMENTO,'') AS NUMERO_DOCUMENTO,   
         R.FECHA_DOCUMENTO,   
         R.FECHA_INGRESO,   
         NVL(R.RUC,'') AS RUC,   
         R.TRABAJADOR,   
         NVL(R.DEPENDENCIA,'') AS DEPENDENCIA,   
         R.CONCEPTO_ID,         
         NVL(R.MONTO_DOCUMENTO,0) AS MONTO_DOCUMENTO,   
         NVL(R.MONTO_IGV,0) AS MONTO_IGV,   
         R.PRESUPUESTO_ANNO,   
         R.PRESUPUESTO_META,   
         R.CLASIFICADOR_GASTO,   
         NVL(P.NOMBRE_RAZON_SOCIAL, '') AS RAZO_SOCI_PRO,   
         NVL(R.LUGAR_GASTO,'') AS LUGAR_GASTO,
         NVL(R.MTO_OTROS_GASTOS,0) AS MTO_OTROS_GASTOS,
         (NVL(R.MONTO_DOCUMENTO,0) - NVL(R.MONTO_IGV,0) - NVL(R.MTO_OTROS_GASTOS,0))  VALOR_VENTA,
         D.DESC_DOCU_TPD,
         R.IND_AFECTO_IGV,
         R.PERSONA_ID,
         R.MTO_RENDICION
    FROM PLAN_VIAJE_RENDICION R,
         PERSONA P ,
         TIPO_DOCUMENTOS D
	WHERE  R.PERSONA_ID = P.PERSONA_ID(+)  
		AND R.PLAN_VIAJE_ID = #planViajeId# 
		<isNotNull prepend="AND" property="secuencia" >  R.SECUENCIAL = #secuencia# </isNotNull>
		AND R.TIPO_DOCUMENTO = D.TIPO_DOCU_TPD(+)
 	</select>


	<select id="secuencialMaxPlanViajeRendicion"  parameterClass="java.util.HashMap" resultClass="java.lang.Integer">
		       SELECT NVL(MAX(PVR.SECUENCIAL),0) + 1 FROM PLAN_VIAJE_RENDICION PVR WHERE PVR.PLAN_VIAJE_ID = #planViajeId#
	</select>


	<select id="allPlanViajeRendicion"  parameterClass="planViajeRendicionBean" resultMap="planViajeRendicionList">
		SELECT 
			PLAN_VIAJE_ID,
			SECUENCIAL,
			TIPO_DOCUMENTO,
			SERIE,
			NUMERO_DOCUMENTO,
			FECHA_DOCUMENTO,
			FECHA_INGRESO,
			RUC,
			TRABAJADOR,
			DEPENDENCIA,
			CONCEPTO_ID,
			MONTO_DOCUMENTO,
			MONTO_IGV,
			PRESUPUESTO_ANNO,
			PRESUPUESTO_META,
			CLASIFICADOR_GASTO,
			CUENTA_CONTABLE,
			LUGAR_GASTO,
			USER_CREA,
			FECH_CREA,
			USER_MODI,
			FECH_MODI,
			MTO_OTROS_GASTOS,
			IND_AFECTO_IGV,
			PERSONA_ID,
			IND_VALIDO,
			NUM_PERIODO,
			NUM_SECUENCIAL,
			COD_LIBRO,
			MTO_RENDICION
		FROM PLAN_VIAJE_RENDICION 
		<dynamic prepend="WHERE">
			<isNotNull prepend="AND" property="planViajeId"> PLAN_VIAJE_ID = #planViajeId#</isNotNull>
			<isNotNull prepend="AND" property="secuencial"> SECUENCIAL = #secuencial#</isNotNull>
			<isNotNull prepend="AND" property="tipoDocumento"> TIPO_DOCUMENTO = #tipoDocumento#</isNotNull>
			<isNotNull prepend="AND" property="serie"> SERIE = #serie#</isNotNull>
			<isNotNull prepend="AND" property="numeroDocumento"> NUMERO_DOCUMENTO = #numeroDocumento#</isNotNull>
			<isNotNull prepend="AND" property="ruc"> RUC = #ruc#</isNotNull>
			<isNotNull prepend="AND" property="trabajador"> TRABAJADOR = #trabajador#</isNotNull>
			<isNotNull prepend="AND" property="dependencia"> DEPENDENCIA = #dependencia#</isNotNull>
			<isNotNull prepend="AND" property="conceptoId"> CONCEPTO_ID = #conceptoId#</isNotNull>
			<isNotNull prepend="AND" property="montoDocumento"> MONTO_DOCUMENTO = #montoDocumento#</isNotNull>	
		</dynamic>			
	</select>
	
	<resultMap id="planViajeRendicionToRegistroRendicionList" class="planViajeRendicionBean">
		<result property="planViajeId" column="PLAN_VIAJE_ID" />
		<result property="trabajador" column="TRABAJADOR" />
		<result property="secuencial" column="SECUENCIAL" />
		<result property="ruc" column="RUC"/>
		<result property="conceptoId" column="CONCEPTO_ID" />
		<result property="tipoDocumento" column="TIPO_DOCUMENTO" />
		<result property="descripcionTipoDocumento" column="DESC_DOCU_TPD" />
		<result property="serie" column="SERIE" />
		<result property="numeroDocumento" column="NUMERO_DOCUMENTO" />
		<result property="fechaDocumento" column="FECHA_DOCUMENTO" />
		<result property="nombreRazonSocial" column="NOMBRE_RAZON_SOCIAL" />
		<result property="montoDocumento" column="MONTO_DOCUMENTO" />
		<result property="montoIgv" column="MONTO_IGV" />
		<result property="mtoOtrosGastos" column="MTO_OTROS_GASTOS" />
		<result property="mtoReconocido" column="MTO_RECONOCIDO" /> 
	</resultMap>
	
	<select id="obtenerPlanViajeRendicionToRegistroRendicion" parameterClass="java.util.HashMap" resultMap="planViajeRendicionToRegistroRendicionList">
		SELECT
		RENDICION.PLAN_VIAJE_ID,
		RENDICION.TRABAJADOR,
		RENDICION.SECUENCIAL,
		RENDICION.RUC,
		RENDICION.CONCEPTO_ID,
		RENDICION.TIPO_DOCUMENTO,
		TIPO.DESC_DOCU_TPD,
		RENDICION.SERIE,
		RENDICION.NUMERO_DOCUMENTO,
		RENDICION.FECHA_DOCUMENTO,
		PERSON.NOMBRE_RAZON_SOCIAL,
		RENDICION.MONTO_DOCUMENTO,
		RENDICION.MONTO_IGV,
		RENDICION.MTO_OTROS_GASTOS,
		SUM(DISTRIBUCION.MTO_DOCUMENTO) MTO_RECONOCIDO
		FROM
		PLAN_VIAJE_RENDICION RENDICION,
		PLAN_VIAJE_INFORME_DISTRIB DISTRIBUCION,
		PERSONA PERSON,
		TIPO_DOCUMENTOS TIPO
		WHERE
		RENDICION.PLAN_VIAJE_ID = DISTRIBUCION.PLAN_VIAJE_ID(+) AND
		RENDICION.SECUENCIAL = DISTRIBUCION.SECUENCIAL(+) AND
		RENDICION.PERSONA_ID = PERSON.PERSONA_ID(+) AND
		RENDICION.TIPO_DOCUMENTO = TIPO.TIPO_DOCU_TPD
		<isNotNull prepend="AND" property="planViajeId"> RENDICION.PLAN_VIAJE_ID = #planViajeId# </isNotNull>
		GROUP BY
		RENDICION.PLAN_VIAJE_ID,
		RENDICION.TRABAJADOR,
		RENDICION.SECUENCIAL,
		RENDICION.RUC,
		RENDICION.CONCEPTO_ID,
		RENDICION.TIPO_DOCUMENTO,
		TIPO.DESC_DOCU_TPD,
		RENDICION.SERIE,
		RENDICION.NUMERO_DOCUMENTO,
		RENDICION.FECHA_DOCUMENTO,
		PERSON.NOMBRE_RAZON_SOCIAL,
		RENDICION.MONTO_DOCUMENTO,
		RENDICION.MONTO_IGV,
		RENDICION.MTO_OTROS_GASTOS
		ORDER BY RENDICION.SECUENCIAL
	</select>
	
	<resultMap id="planViajeRendicionMontoComprobanteGastoList" class="planViajeRendicionBean">
		<result property="planViajeId" column="PLAN_VIAJE_ID" />
		<result property="mtoReconocido" column="MTO_RECONOCIDO" />
	</resultMap>
	
	<select id="obtenerMontoComprobanteGasto" parameterClass="java.util.HashMap" resultMap="planViajeRendicionMontoComprobanteGastoList">
		SELECT
			MONTO.PLAN_VIAJE_ID PLAN_VIAJE_ID,
			SUM(MONTO.MTO_DOCUMENTO) MTO_RECONOCIDO
		FROM
			(
				SELECT
					DISTRIBUCION.PLAN_VIAJE_ID PLAN_VIAJE_ID,
					DISTRIBUCION.MTO_DOCUMENTO MTO_DOCUMENTO
				FROM
					PLAN_VIAJE_INFORME_DISTRIB DISTRIBUCION
				WHERE
					(DISTRIBUCION.COD_CONCEPTO_ORI = '01' OR DISTRIBUCION.COD_CONCEPTO_ORI = '12') AND
					DISTRIBUCION.PLAN_VIAJE_ID = #planViajeId#
				
				UNION ALL
			
				SELECT
					RENDICION.PLAN_VIAJE_ID PLAN_VIAJE_ID,
					RENDICION.MONTO_DOCUMENTO MTO_DOCUMENTO
				FROM
					PLAN_VIAJE_RENDICION RENDICION
				WHERE
					(RENDICION.CONCEPTO_ID = '01' OR RENDICION.CONCEPTO_ID = '12') AND
					(RENDICION.TIPO_DOCUMENTO = '915' OR RENDICION.TIPO_DOCUMENTO = '067') AND
					RENDICION.PLAN_VIAJE_ID = #planViajeId#
			) MONTO
		GROUP BY
			MONTO.PLAN_VIAJE_ID
	</select>
	
	<resultMap id="planViajeDistinctConceptoRendicion" class="planViajeRendicionBean">
		<result property="planViajeId" column="PLAN_VIAJE_ID" />
		<result property="conceptoId" column="CONCEPTO_ID" />
	</resultMap>
	
	<select id="obtenerListDistinctConceptoRendicion" parameterClass="java.util.HashMap" resultMap="planViajeDistinctConceptoRendicion">
		SELECT
		DISTINCT RENDICION.PLAN_VIAJE_ID, 
		RENDICION.CONCEPTO_ID
		FROM
		PLAN_VIAJE_RENDICION RENDICION
		WHERE
		RENDICION.PLAN_VIAJE_ID = #planViajeId#
	</select>
	
	<!-- INSERT -->
 	<insert id="registrarPlanViajeRendicion"  parameterClass="planViajeRendicionBean">
		INSERT INTO PLAN_VIAJE_RENDICION (
			PLAN_VIAJE_ID,
			SECUENCIAL,
			TIPO_DOCUMENTO,
			SERIE,
			NUMERO_DOCUMENTO,
			FECHA_DOCUMENTO,
			FECHA_INGRESO,
			RUC,
			TRABAJADOR,
			DEPENDENCIA,
			CONCEPTO_ID,
			MONTO_DOCUMENTO,
			MONTO_IGV,
			PRESUPUESTO_ANNO,
			PRESUPUESTO_META,
			CLASIFICADOR_GASTO,
			CUENTA_CONTABLE,
			LUGAR_GASTO,
			USER_CREA,
			FECH_CREA,
			USER_MODI,
			FECH_MODI,
			MTO_OTROS_GASTOS,
			IND_AFECTO_IGV,
			PERSONA_ID, 
			IND_VALIDO,
			NUM_PERIODO,
			NUM_SECUENCIAL,
			COD_LIBRO,
			MTO_RENDICION )
			VALUES
			(
			    #planViajeId#, 
				#secuencial#, 
				#tipoDocumento#, 
				#serie#, 
				#numeroDocumento#, 
				#fechaDocumento#, 
				sysdate, 
				#ruc#, 
				#trabajador#, 
				#dependencia#, 
				#conceptoId#, 
				#montoDocumento#, 
				#montoIgv#, 
				#presupuestoAnno#, 
				#presupuestoMeta#, 
				#clasificadorGasto#, 
				#cuentaContable#, 
				#lugarGasto#, 
				#userCrea#, 
				#fechCrea#, 
				#userModi#, 
				#fechModi#, 
				#mtoOtrosGastos#, 
				#indAfectoIgv#, 
				#personaId#, 
				#indValido#, 
				#numPeriodo#, 
				#numSecuencial#, 
				#codLibro#,
				#montoRendicion#
			)
	</insert>
	
	<!-- UPDATE -->	
	<update id="actualizarPlanViajeRendicion" parameterClass="planViajeRendicionBean">
		UPDATE PLAN_VIAJE_RENDICION
		<dynamic prepend="SET">
		
			<isNotNull prepend="," property="tipoDocumento">	TIPO_DOCUMENTO = #tipoDocumento# </isNotNull>
			<isNotNull prepend="," property="serie">	SERIE = #serie# </isNotNull>
			<isNotNull prepend="," property="numeroDocumento">	NUMERO_DOCUMENTO = #numeroDocumento# </isNotNull>
			<isNotNull prepend="," property="fechaDocumento">	FECHA_DOCUMENTO = #fechaDocumento# </isNotNull>
			<isNotNull prepend="," property="fechaIngreso">	FECHA_INGRESO = #fechaIngreso# </isNotNull>
			<isNotNull prepend="," property="ruc">	RUC = #ruc# </isNotNull>
			<isNotNull prepend="," property="trabajador">	TRABAJADOR = #trabajador# </isNotNull>
			<isNotNull prepend="," property="dependencia">	DEPENDENCIA = #dependencia# </isNotNull>
			<isNotNull prepend="," property="conceptoId">	CONCEPTO_ID = #conceptoId# </isNotNull>
			<isNotNull prepend="," property="montoDocumento">	MONTO_DOCUMENTO = #montoDocumento# </isNotNull>
			<isNotNull prepend="," property="montoIgv">	MONTO_IGV = #montoIgv# </isNotNull>
			<isNotNull prepend="," property="presupuestoAnno">	PRESUPUESTO_ANNO = #presupuestoAnno# </isNotNull>
			<isNotNull prepend="," property="presupuestoMeta">	PRESUPUESTO_META = #presupuestoMeta# </isNotNull>
			<isNotNull prepend="," property="clasificadorGasto">	CLASIFICADOR_GASTO = #clasificadorGasto# </isNotNull>
			<isNotNull prepend="," property="cuentaContable">	CUENTA_CONTABLE = #cuentaContable# </isNotNull>
			<isNotNull prepend="," property="lugarGasto">	LUGAR_GASTO = #lugarGasto# </isNotNull>
			<isNotNull prepend="," property="userCrea">	USER_CREA = #userCrea# </isNotNull>
			<isNotNull prepend="," property="fechCrea">	FECH_CREA = #fechCrea# </isNotNull>
			<isNotNull prepend="," property="userModi">	USER_MODI = #userModi# </isNotNull>
			<isNotNull prepend="," property="fechModi">	FECH_MODI = #fechModi# </isNotNull>
			<isNotNull prepend="," property="mtoOtrosGastos">	MTO_OTROS_GASTOS = #mtoOtrosGastos# </isNotNull>
			<isNotNull prepend="," property="indAfectoIgv">	IND_AFECTO_IGV = #indAfectoIgv# </isNotNull>
			<isNotNull prepend="," property="personaId">	PERSONA_ID = #personaId# </isNotNull>
			<isNotNull prepend="," property="indValido">	IND_VALIDO = #indValido# </isNotNull>
			<isNotNull prepend="," property="numPeriodo">	NUM_PERIODO = #numPeriodo# </isNotNull>
			<isNotNull prepend="," property="numSecuencial">	NUM_SECUENCIAL = #numSecuencial# </isNotNull>
			<isNotNull prepend="," property="codLibro">	COD_LIBRO = #codLibro#   </isNotNull>	
			<isNotNull prepend="," property="montoRendicion">	MTO_RENDICION = #montoRendicion#  </isNotNull>			
		</dynamic>
			WHERE 
			PLAN_VIAJE_ID = #planViajeId#  
			<isNotNull prepend="AND" property="secuencial"> SECUENCIAL = #secuencial#</isNotNull>	
	</update>
	
	<!-- DELETE -->
	<delete id="eliminarPlanViajeRendicion" parameterClass="planViajeRendicionBean">
		DELETE FROM PLAN_VIAJE_RENDICION
		WHERE
		PLAN_VIAJE_ID = #planViajeId# AND
		SECUENCIAL = #secuencial#
	</delete>
	
	<select id="listarRendicionesFechaDocumento" parameterClass="java.util.HashMap" resultMap="planViajeRendicionListFechaDocumento">
		SELECT 
			PLAN_VIAJE_ID,
			FECHA_DOCUMENTO
		FROM 
			PLAN_VIAJE_RENDICION 
		WHERE 
			PLAN_VIAJE_ID = #planViajeId# 
			<isNotNull property="fechaDesdeEvento"> 
				<isNotNull property="fechaHastaEvento">
					
					<!-- solo se filtra por fecha de evento -->				
					<isNotNull property="incluirFechasItinerario">
						AND (TO_CHAR(FECHA_DOCUMENTO, 'YYYYMMDD') BETWEEN TO_CHAR(#fechaDesdeEvento#, 'YYYYMMDD') AND TO_CHAR(#fechaHastaEvento#, 'YYYYMMDD'))
					</isNotNull>					
					
					<!-- ademas de la fecha de evento, se filtra por fecha de itinerario -->
					<isNull property="incluirFechasItinerario">
						AND (   (TO_CHAR(FECHA_DOCUMENTO, 'YYYYMMDD') BETWEEN TO_CHAR(#fechaDesdeEvento#, 'YYYYMMDD') AND TO_CHAR(#fechaHastaEvento#, 'YYYYMMDD'))
						     OR (TO_CHAR(FECHA_DOCUMENTO, 'YYYYMMDD') BETWEEN TO_CHAR(#fechaDesdeItinerario#, 'YYYYMMDD') AND TO_CHAR(#fechaHastaItinerario#, 'YYYYMMDD')) )
					</isNull>
					
				</isNotNull> 
			</isNotNull>
		ORDER BY FECHA_DOCUMENTO
	</select>
	
	
	<select id="countPlanViajeRendicion"  parameterClass="planViajeRendicionBean" resultClass="java.lang.Integer">
		SELECT count(*) 
		FROM PLAN_VIAJE_RENDICION 
		WHERE 
			RUC = #ruc# AND 
			TIPO_DOCUMENTO = #tipoDocumento# AND 
			trim(leading '0' from SERIE) = #serie# and
			trim(leading '0' from NUMERO_DOCUMENTO)=#numeroDocumento#
			<isNotNull property="planViajeId" prepend=" and ">
			    	not(PLAN_VIAJE_ID=#planViajeId# AND SECUENCIAL=#secuencial#)
			</isNotNull>
	</select>	

</sqlMap>