<?xml version="1.0" encoding="UTF-8"?>
<!DOCTYPE sqlMap PUBLIC "-//ibatis.apache.org//DTD SQL Map 2.0//EN" "http://ibatis.apache.org/dtd/sql-map-2.dtd">

<sqlMap namespace="planViajeDestinos">
	
	<typeAlias alias="planViajeDestinoBean" type="pe.gob.sunat.recurso2.financiera.siga.viatico.model.bean.PlanViajeDestinoBean" />
	
	<resultMap id="planViajeDestinoBeanResultMap" class="planViajeDestinoBean">
	    <result property="planViajeID" column="PLAN_VIAJE_ID" />
	    <result property="secuencial" column="SECUENCIAL" />
	    <result property="medioTransporte" column="MEDIO_TRANSPORTE" />
	    <result property="sedeDestino" column="SEDE_DESTINO" />
	    <result property="dias" column="DIAS" />
	    <result property="fechaSalida" column="FECHA_SALIDA" />
	    <result property="provinciaDestino" column="PROVINCIA_DESTINO" />
	    <result property="distritoDestino" column="DISTRITO_DESTINO" />
	    <result property="usuarioCreacion" column="USER_CREA" />
	    <result property="fechaCreacion" column="FECH_CREA" />
	    <result property="usuarioModificacion" column="USER_MODI" />
	    <result property="fechaModificacion" column="FECH_MODI" />
	    <result property="montoDiario" column="MTO_DIARIO" />
	    <result property="diasExtra" column="DIAS_EXTRA" />
	    <result property="montoDiarioTope" column="MTO_DIARIO_TOPE" />
	    <result property="diasExtraTope" column="DIAS_EXTRA_TOPE" />
	    <result property="montoTraslado" column="MTO_TRASLADO" />
	    <result property="codigoDepartamentoDestino" column="COD_DEPA_DES" />
	    <result property="codigoTarifarioInternacional" column="COD_TAR_INTER" />
	    <result property="porcTarifarioInternacional" column="POR_TAR_INTER" />	    
	</resultMap>	
	
	<select id="buscarPlanViajeDestinos" parameterClass="java.util.HashMap" resultMap="planViajeDestinoBeanResultMap">
		SELECT 
			PLAN_VIAJE_ID, 
			SECUENCIAL, 
			MEDIO_TRANSPORTE, 
			SEDE_DESTINO, 
			DIAS, 
			FECHA_SALIDA, 
			PROVINCIA_DESTINO, 
			DISTRITO_DESTINO, 
			USER_CREA, 
			FECH_CREA, 
			USER_MODI, 
			FECH_MODI, 
			MTO_DIARIO, 
			DIAS_EXTRA, 
			MTO_DIARIO_TOPE, 
			DIAS_EXTRA_TOPE, 
			MTO_TRASLADO,
			COD_DEPA_DES,
			COD_TAR_INTER,
			POR_TAR_INTER
		FROM 
			PLAN_VIAJE_DESTINOS
		<dynamic prepend="WHERE">
			<isNotNull prepend="AND" property="planViajeID"> PLAN_VIAJE_ID = #planViajeID# </isNotNull>
			<isNotNull prepend="AND" property="secuencial"> SECUENCIAL = #secuencial# </isNotNull>
			<isNotNull prepend="AND" property="medioTransporte"> MEDIO_TRANSPORTE = #medioTransporte# </isNotNull>
			<isNotNull prepend="AND" property="sedeDestino"> SEDE_DESTINO = #sedeDestino# </isNotNull>
			<isNotNull prepend="AND" property="distritoDestino"> DISTRITO_DESTINO = #distritoDestino# </isNotNull>
			<isNotNull prepend="AND" property="provinciaDestino"> PROVINCIA_DESTINO = #provinciaDestino# </isNotNull>
			<isNotNull prepend="AND" property="codigoDepartamentoDestino"> COD_DEPA_DES = #codigoDepartamentoDestino# </isNotNull>
			<isNotNull prepend="AND" property="codigoTarifarioInternacional"> COD_TAR_INTER = #codigoTarifarioInternacional# </isNotNull>
		</dynamic>
		ORDER BY PLAN_VIAJE_ID, SECUENCIAL
	</select>
	
	<insert id="registrarPlanViajeDestino" parameterClass="planViajeDestinoBean">
	    INSERT INTO PLAN_VIAJE_DESTINOS(
	        PLAN_VIAJE_ID,
	        SECUENCIAL,
	        MEDIO_TRANSPORTE,
	        SEDE_DESTINO,
	        DIAS,
	        FECHA_SALIDA,
	        PROVINCIA_DESTINO,
	        DISTRITO_DESTINO,
	        MTO_DIARIO,
	        DIAS_EXTRA,
	        MTO_DIARIO_TOPE,
	        DIAS_EXTRA_TOPE,
	        MTO_TRASLADO,
			COD_DEPA_DES,
			COD_TAR_INTER,
			POR_TAR_INTER	        
	    ) VALUES (
	        #planViajeID#,
	        #secuencial#,
	        #medioTransporte#,
	        #sedeDestino#,
	        #dias#,
	        #fechaSalida#,
	        #provinciaDestino#,
	        #distritoDestino#,
	        #montoDiario#,
	        #diasExtra#,
	        #montoDiarioTope#,
	        #diasExtraTope#,
	        #montoTraslado#,
	        #codigoDepartamentoDestino#,
	        #codigoTarifarioInternacional#,
	        #porcTarifarioInternacional#
	    )
	</insert>
	
	<update id="actualizarPlanViajeDestino" parameterClass="planViajeDestinoBean">
		 UPDATE
		 	PLAN_VIAJE_DESTINOS
		 <dynamic prepend="SET">
			<isNotNull prepend="," property="medioTransporte"> MEDIO_TRANSPORTE = #medioTransporte# </isNotNull>
			<isNotNull prepend="," property="sedeDestino"> SEDE_DESTINO = #sedeDestino# </isNotNull>
			<isNotNull prepend="," property="dias"> DIAS = #dias# </isNotNull>
			<isNotNull prepend="," property="fechaSalida"> FECHA_SALIDA = #fechaSalida# </isNotNull>
			<isNotNull prepend="," property="provinciaDestino"> PROVINCIA_DESTINO = #provinciaDestino# </isNotNull>
			<isNotNull prepend="," property="distritoDestino"> DISTRITO_DESTINO = #distritoDestino# </isNotNull>
			<isNotNull prepend="," property="montoDiario"> MTO_DIARIO = #montoDiario# </isNotNull>
			<isNotNull prepend="," property="diasExtra"> DIAS_EXTRA = #diasExtra# </isNotNull>
			<isNotNull prepend="," property="montoDiarioTope"> MTO_DIARIO_TOPE = #montoDiarioTope# </isNotNull>
			<isNotNull prepend="," property="diasExtraTope"> DIAS_EXTRA_TOPE = #diasExtraTope# </isNotNull>
			<isNotNull prepend="," property="montoTraslado"> MTO_TRASLADO = #montoTraslado# </isNotNull>
			<isNotNull prepend="," property="codigoDepartamentoDestino"> COD_DEPA_DES = #codigoDepartamentoDestino# </isNotNull>
			<isNotNull prepend="," property="codigoTarifarioInternacional"> COD_TAR_INTER = #codigoTarifarioInternacional# </isNotNull>
			<isNotNull prepend="," property="porcTarifarioInternacional"> POR_TAR_INTER = #porcTarifarioInternacional# </isNotNull>		
		 </dynamic>
		WHERE
			PLAN_VIAJE_ID = #planViajeID# AND SECUENCIAL = #secuencial#
	</update>

	<delete id="eliminarPlanViajeDestinos" parameterClass="java.util.HashMap" >
		DELETE FROM PLAN_VIAJE_DESTINOS
		WHERE PLAN_VIAJE_ID = #planViajeID#
	</delete>
	
	<resultMap id="planViajeDestinoToMontoTopeDiaList" class="planViajeDestinoBean">
		<result property="planViajeID" column="PLAN_VIAJE_ID" />
		<result property="fechaSalida" column="FECHA_SALIDA" />
		<result property="dias" column="DIAS" />
		<result property="montoDiarioTope" column="MTO_DIARIO_TOPE" />
	</resultMap>
	
	<select id="obtenerMontoTopeDia" parameterClass="java.util.HashMap" resultMap="planViajeDestinoToMontoTopeDiaList">
		SELECT
		DESTINOS.PLAN_VIAJE_ID,
		DESTINOS.FECHA_SALIDA,
		DESTINOS.DIAS,
		DESTINOS.MTO_DIARIO_TOPE
		FROM
		PLAN_VIAJE_DESTINOS DESTINOS
		WHERE
		DESTINOS.PLAN_VIAJE_ID = #planViajeID#
		ORDER BY DESTINOS.FECHA_SALIDA
	</select>

</sqlMap>
	