<?xml version="1.0" encoding="UTF-8"?>
<!DOCTYPE sqlMap PUBLIC "-//ibatis.apache.org//DTD SQL Map 2.0//EN" "http://ibatis.apache.org/dtd/sql-map-2.dtd">

<sqlMap namespace="registradorViatico">

	<select id="select_registrador" parameterClass="java.util.HashMap" resultClass="java.lang.Long" >
		SELECT
		COUNT(R.CODI_EMPL_PER)
		FROM
		REGISTRADOR_MOVILIDAD R
	    WHERE
		R.IND_DEL = '1'
		<isNotNull prepend="AND" property="codEmp"> TRIM(R.CODI_EMPL_PER) = #codEmp# </isNotNull>
		<isEqual prepend="AND" property="indProc" compareValue="V" > R.IND_PROC in('X','V') </isEqual>
		<isEqual prepend="AND" property="indProc" compareValue="U" > R.IND_PROC in('U') </isEqual>
	</select>

</sqlMap>