<?xml version="1.0" encoding="UTF-8"?>
<!DOCTYPE sqlMap PUBLIC "-//ibatis.apache.org//DTD SQL Map 2.0//EN" "http://ibatis.apache.org/dtd/sql-map-2.dtd">

<sqlMap namespace="t1273licencia">

	<typeAlias alias="licenciaBean" type="pe.gob.sunat.recurso2.financiera.siga.viatico.model.bean.LicenciaBean" />

	<resultMap id="listarLicenciasResultMap" class="licenciaBean">
		<result property="concepto" column="concepto" />
		<result property="fechaInicio" column="ffinicio" />
		<result property="fechaFin" column="ffin" />
		<result property="diferenciaDias" column="diferenciaDias" />
	</resultMap>	
	
	<select id="listarLicencias" parameterClass="java.util.HashMap" resultMap="listarLicenciasResultMap">
	
		SELECT 
			tp.descrip as concepto, l.ffinicio, l.ffin, CAST(l.ffin AS DATE) - CAST(l.ffinicio AS DATE) as diferenciaDias
		FROM 
			t1273licencia as l, t1279tipo_mov as tp
		WHERE
			l.licencia=tp.mov AND tp.tipo_id='03' 
			<isNotNull prepend="AND" property="est_id"> tp.est_id = #est_id# </isNotNull>
			<isNotNull prepend="AND" property="numeroRegistro"> l.cod_pers = #numeroRegistro# </isNotNull>
			<isNotNull property="fechaInicial">
				<isNull property="fechaFinal">
					AND (   ( CAST(l.ffinicio AS DATE) &gt;= #fechaInicial#  )  )
				</isNull>
				<isNotNull property="fechaFinal">
					AND (   ( CAST(l.ffinicio AS DATE) BETWEEN #fechaInicial# AND #fechaFinal# ) OR
				  			( CAST(l.ffin AS DATE)     BETWEEN #fechaInicial# AND #fechaFinal# )   )
				</isNotNull>
			</isNotNull>			
		ORDER BY l.ffinicio, l.ffin	
	 
	</select>
	
	<!-- Tipo 31 dia de compensacion, Tipo 125 compensacion por labor excepcional -->
	<select id="listarCompensacion" parameterClass="java.util.HashMap" resultMap="listarLicenciasResultMap">
	
		SELECT 'DIAS COMPENSACION' as concepto, ffinicio, ffin, CAST(ffin AS DATE) - CAST(ffinicio AS DATE) as diferenciaDias  
		FROM t1273licencia
		WHERE 
			licencia ='31'
			<isNotNull prepend="AND" property="numeroRegistro"> cod_pers = #numeroRegistro# </isNotNull>
			<isNotNull property="fechaInicial">
				<isNull property="fechaFinal">
					AND (   ( CAST(ffinicio AS DATE) &gt;= #fechaInicial#  ) )
				</isNull>
				<isNotNull property="fechaFinal">
					AND (   ( CAST(ffinicio AS DATE) BETWEEN #fechaInicial# AND #fechaFinal# ) OR
				  			( CAST(ffin AS DATE)     BETWEEN #fechaInicial# AND #fechaFinal# )   )
				</isNotNull>
			</isNotNull>		
		
		UNION 
		
		SELECT 'COMPENSACION LABOR EXCEPCIONAL' as concepto, ffinicio, ffin, CAST(ffin AS DATE) - CAST(ffinicio AS DATE) as diferenciaDias 
		FROM t1273licencia
		WHERE 
			licencia = '125'
			<isNotNull prepend="AND" property="numeroRegistro"> cod_pers = #numeroRegistro# </isNotNull>
			<isNotNull property="fechaInicial">
				<isNull property="fechaFinal">
					AND (   ( CAST(ffinicio AS DATE) &gt;= #fechaInicial#  )  )
				</isNull>
				<isNotNull property="fechaFinal">
					AND (   ( CAST(ffinicio AS DATE) BETWEEN #fechaInicial# AND #fechaFinal# ) OR
				  			( CAST(ffin AS DATE)     BETWEEN #fechaInicial# AND #fechaFinal# )   )
				</isNotNull>
			</isNotNull>	
	</select>	
	
	
</sqlMap>