<?xml version="1.0" encoding="UTF-8"?>
<!DOCTYPE sqlMap PUBLIC "-//ibatis.apache.org//DTD SQL Map 2.0//EN" "http://ibatis.apache.org/dtd/sql-map-2.dtd">

<sqlMap namespace="t1282vacaciones_d">

	<typeAlias alias="vacacionBean" type="pe.gob.sunat.recurso2.financiera.siga.viatico.model.bean.VacacionBean" />

	<resultMap id="listarVacacionesResultMap" class="vacacionBean">
		<result property="concepto" column="concepto" />
		<result property="fechaInicio" column="ffinicio" />
		<result property="fechaFin" column="ffin" />
		<result property="dias" column="dias" />						<!-- diferencia de la tabla -->
		<result property="diferenciaDias" column="diferenciaDias" />	<!-- diferencia calculada -->
	</resultMap>
	
	<select id="listarVacaciones" parameterClass="java.util.HashMap" resultMap="listarVacacionesResultMap">

		SELECT 'VACACIONES PROGRAMADAS' as concepto, ffinicio, ffin, NVL(dias, 0) as dias, CAST(ffin AS DATE) - CAST(ffinicio AS DATE) as diferenciaDias 
		FROM t1282vacaciones_d
		WHERE 
			licencia='49' 
			<isNotNull prepend="AND" property="est_id"> est_id = #est_id# </isNotNull>
			<isNotNull prepend="AND" property="numeroRegistro"> cod_pers = #numeroRegistro# </isNotNull>
			<isNotNull property="fechaInicial">
				<isNull property="fechaFinal">
					AND (   ( CAST(ffinicio AS DATE) &gt;= #fechaInicial#  )   )
				</isNull>
				<isNotNull property="fechaFinal">
					AND (   ( CAST(ffinicio AS DATE) BETWEEN #fechaInicial# AND #fechaFinal# ) OR
				  			( CAST(ffin AS DATE)     BETWEEN #fechaInicial# AND #fechaFinal# )   )
				</isNotNull>
			</isNotNull>
			
	 	UNION ALL
	 	
		SELECT 'VENTA DE VACACIONES' as concepto, ffinicio, ffin, NVL(dias, 0) as dias, CAST(ffin AS DATE) - CAST(ffinicio AS DATE) as diferenciaDias 
		FROM t1282vacaciones_d
		WHERE 
			licencia='06' 
			<isNotNull prepend="AND" property="est_id"> est_id = #est_id# </isNotNull>
			<isNotNull prepend="AND" property="numeroRegistro"> cod_pers = #numeroRegistro# </isNotNull>
			<isNotNull property="fechaInicial">
				<isNull property="fechaFinal">
					AND (   ( CAST(ffinicio AS DATE) &gt;= #fechaInicial#  )  )
				</isNull>			
				<isNotNull property="fechaFinal">
					AND (   ( CAST(ffinicio AS DATE) BETWEEN #fechaInicial# AND #fechaFinal# ) OR
				  			( CAST(ffin AS DATE)     BETWEEN #fechaInicial# AND #fechaFinal# )   )
				</isNotNull>
			</isNotNull>	 
			
			
	 	UNION ALL
	 	
		SELECT 'VACACIÓN ESPECIAL' as concepto, ffinicio, ffin, NVL(dias, 0) as dias, CAST(ffin AS DATE) - CAST(ffinicio AS DATE) as diferenciaDias 
		FROM t1282vacaciones_d
		WHERE 
			licencia='48' 
			<isNotNull prepend="AND" property="est_id"> est_id = #est_id# </isNotNull>
			<isNotNull prepend="AND" property="numeroRegistro"> cod_pers = #numeroRegistro# </isNotNull>
			<isNotNull property="fechaInicial">
				<isNull property="fechaFinal">
					AND (   ( CAST(ffinicio AS DATE) &gt;= #fechaInicial#  ) )
				</isNull>				
				<isNotNull property="fechaFinal">
					AND (   ( CAST(ffinicio AS DATE) BETWEEN #fechaInicial# AND #fechaFinal# ) OR
				  			( CAST(ffin AS DATE)     BETWEEN #fechaInicial# AND #fechaFinal# )   )
				</isNotNull>
			</isNotNull>	
						
			
	 	UNION ALL
	 	
		SELECT 'VACACIÓN PERIODOS VENCIDOS' as concepto, ffinicio, ffin, NVL(dias, 0) as dias, CAST(ffin AS DATE) - CAST(ffinicio AS DATE) as diferenciaDias 
		FROM t1282vacaciones_d
		WHERE 
			licencia='63' 
			<isNotNull prepend="AND" property="est_id"> est_id = #est_id# </isNotNull>
			<isNotNull prepend="AND" property="numeroRegistro"> cod_pers = #numeroRegistro# </isNotNull>
			<isNotNull property="fechaInicial">
				<isNull property="fechaFinal">
					AND (   ( CAST(ffinicio AS DATE) &gt;= #fechaInicial#  ) )
				</isNull>			
				<isNotNull property="fechaFinal">
					AND (   ( CAST(ffinicio AS DATE) BETWEEN #fechaInicial# AND #fechaFinal# ) OR
				  			( CAST(ffin AS DATE)     BETWEEN #fechaInicial# AND #fechaFinal# )   )
				</isNotNull>
			</isNotNull>							
						
	</select>
	
</sqlMap>