<?xml version="1.0" encoding="UTF-8"?>
<!DOCTYPE sqlMap PUBLIC "-//ibatis.apache.org//DTD SQL Map 2.0//EN" "http://ibatis.apache.org/dtd/sql-map-2.dtd">

<sqlMap namespace="tipoDocumento">
	
	<typeAlias alias="tipoDocumentoBean" type="pe.gob.sunat.recurso2.financiera.siga.viatico.model.bean.TipoDocumentoBean" />
	
	<resultMap id="tipoDocumentoList" class="tipoDocumentoBean">
		<result property="codigoTipoDocumento" column="TIPO_DOCU_TPD" />
		<result property="descripcionTipoDocumento" column="DESC_DOCU_TPD" />
		<result property="abreviaturaTipoDocumento" column="ABRE_DOCU_TPD" />
	</resultMap>
	
	<select id="obtenerTipoDocumentosToComprobante" parameterClass="java.util.HashMap" resultMap="tipoDocumentoList">
		SELECT
		TIPO_DOCU_TPD,
		DESC_DOCU_TPD,
		ABRE_DOCU_TPD
		FROM
		TIPO_DOCUMENTOS
		WHERE
		IND_VIATICO = 'S' AND
		TIPO_DOCU_TPD NOT IN ('017')
		<isNotNull prepend="AND" property="abreviaturaTipoDocumento"> ABRE_DOCU_TPD = #abreviaturaTipoDocumento# </isNotNull>
		ORDER BY 2
	</select>
	
</sqlMap>
	