<?xml version="1.0" encoding="UTF-8" ?>
<!DOCTYPE sqlMap PUBLIC "-//ibatis.apache.org//DTD SQL Map 2.0//EN" "http://ibatis.apache.org/dtd/sql-map-2.dtd" >
<sqlMap namespace="tipoCambio" >

	<typeAlias alias="tipoCambioBean" type="pe.gob.sunat.recurso2.financiera.siga.viatico.model.bean.TipoCambioBean" />

	<resultMap id="tipoCambioBeanResultMap" class="tipoCambioBean">
		<result property="fechaCambioTipo" column="FECH_CAMB_TIP" />
		<result property="simboloMoneda" column="SIMB_MONE_MON" />
		<result property="valorDolarTipo" column="VALO_DOLA_TIP" />
		<result property="valorSolesTipo" column="VALO_SOLE_TIP" />
		<result property="solesCompTipo" column="SOLE_COMP_TIP" />
	</resultMap>

	<select id="obtenerTipoCambioSimboloDolaresHoy" parameterClass="java.util.HashMap" resultMap="tipoCambioBeanResultMap">  

		SELECT 
			FECH_CAMB_TIP, 
			SIMB_MONE_MON, 
			VALO_DOLA_TIP, 
			VALO_SOLE_TIP, 
			SOLE_COMP_TIP
		FROM TIPO_CAMBIO 
		WHERE TRIM(SIMB_MONE_MON) = #simboloMoneda# AND TO_CHAR(FECH_CAMB_TIP,'DD/MM/YYYY') = TO_CHAR(SYSDATE,'DD/MM/YYYY')
			
	</select>
	
	<select id="obtenerTipoCambioSimboloDolaresMasReciente" parameterClass="java.util.HashMap" resultMap="tipoCambioBeanResultMap">
	   
		SELECT 
			FECH_CAMB_TIP, 
			SIMB_MONE_MON, 
			VALO_DOLA_TIP, 
			VALO_SOLE_TIP, 
			SOLE_COMP_TIP 
		FROM TIPO_CAMBIO 
		WHERE TRIM(SIMB_MONE_MON) = #simboloMoneda# AND TO_CHAR(FECH_CAMB_TIP,'DD/MM/YYYY')= TO_CHAR( (SELECT MAX(TC.FECH_CAMB_TIP) FROM TIPO_CAMBIO TC WHERE TRIM(TC.SIMB_MONE_MON)=#simboloMoneda# ) ,'DD/MM/YYYY')
 	
	</select>

</sqlMap>