<?xml version="1.0" encoding="UTF-8"?>
<!DOCTYPE sqlMap PUBLIC "-//ibatis.apache.org//DTD SQL Map 2.0//EN" "http://ibatis.apache.org/dtd/sql-map-2.dtd">

<sqlMap namespace="txxx8lugarubigeo">

	<typeAlias alias="txxxx8LugarUbigeoBean" type="pe.gob.sunat.recurso2.financiera.siga.viatico.model.bean.TXXX8LugarUbigeoBean" />
	
	<resultMap id="lugarList" class="txxxx8LugarUbigeoBean">
		<result property="codigoLugar" column="COD_LUGAR" />
		<result property="codigoUbigeo" column="COD_UBIGEO" />
		<result property="nombreLugar" column="NOM_LUGAR" />
		<result property="codigoUbigeo" column="COD_UBIGEO" />	
	</resultMap>

	<resultMap id="lugarDetalleList" class="txxxx8LugarUbigeoBean">
		<result property="codigoLugar" column="COD_LUGAR" />
		<result property="codigoUbigeo" column="COD_UBIGEO" />
		<result property="nombreLugar" column="NOM_LUGAR" />	
		<result property="codigoDepartamento" column="CODI_DEPA_DPT" />
		<result property="descripcionDepartamento" column="NOMB_DPTO_DPT" />
		<result property="codigoProvincia" column="CODI_PROV_TPR" />
		<result property="descripcionProvincia" column="NOMB_PROV_TPR" />
	</resultMap>
	
	<resultMap id="obtenerRutasLugaresResultMap" class="txxxx8LugarUbigeoBean">
		<result property="codigoLugar" column="COD_LUGAR" />
		<result property="nombreLugar" column="NOM_LUGAR" />
		<result property="diasTraslado" column="DIAS_TRASLADO" />
		<result property="codigoUbigeo" column="COD_UBIGEO" />
	</resultMap>	
	
	<select id="obtenerRutasLugares" parameterClass="java.util.HashMap" resultMap="obtenerRutasLugaresResultMap">
		SELECT 
			U.COD_LUGAR,
		    U.NOM_LUGAR,
		    TO_NUMBER(SUBSTR(P.COD_ARGUMENTO, 8, 2)) AS DIAS_TRASLADO,
		    U.COD_UBIGEO
		FROM 
			TXXX8LUGARUBIGEO U, T01PARAMETRO P
		WHERE 
			U.COD_UBIGEO LIKE '0000%'
		   	AND SUBSTR(P.COD_ARGUMENTO, 1, 6) = U.COD_UBIGEO
		   	<isNotNull prepend="AND" property="COD_PARAMETRO"> TRIM(P.COD_PARAMETRO) = #COD_PARAMETRO# </isNotNull>
		   	<isNotNull prepend="AND" property="COD_TIPO"> P.COD_TIPO = #COD_TIPO# </isNotNull>
		   	<isNotNull prepend="AND" property="COD_ESTADO"> P.COD_ESTADO = #COD_ESTADO# </isNotNull>
	</select>		
	
	<select id="obtenerLugaresByCodDepProv" parameterClass="java.util.HashMap" resultMap="lugarList">
		SELECT
			LUGAR.COD_LUGAR, 
			LUGAR.COD_UBIGEO, 
			LUGAR.NOM_LUGAR,
			LUGAR.COD_UBIGEO
		FROM 
			TXXX8LUGARUBIGEO LUGAR
		WHERE
		LUGAR.IND_DEL = '1'
			<isNotNull prepend="AND" property="codiDepaDpt"> SUBSTR(LUGAR.COD_UBIGEO, 1, 2) = #codiDepaDpt# </isNotNull>
			<isNotNull prepend="AND" property="codiProvTpr"> SUBSTR(LUGAR.COD_UBIGEO, 3, 4) = #codiProvTpr#  </isNotNull>
		ORDER BY LUGAR.NOM_LUGAR
	</select>			
			
	<select id="obtenerLugaresByDescripcionDepProvDistLugar" parameterClass="java.util.HashMap" resultMap="lugarDetalleList">
	
		SELECT
			LUGAR.COD_LUGAR, 
			LUGAR.COD_UBIGEO, 
			LUGAR.NOM_LUGAR,		
			TNIVEL2.CODI_DEPA_DPT,
			TNIVEL2.NOMB_DPTO_DPT,		
			TNIVEL2.CODI_PROV_TPR,
			TNIVEL2.NOMB_PROV_TPR		 
		FROM
		TXXX8LUGARUBIGEO LUGAR,
		(
			SELECT
			PROVINCIA.CODI_PROV_TPR,
			PROVINCIA.NOMB_PROV_TPR,
			PROVINCIA.CODI_DEPA_DPT,
			TNIVEL1.NOMB_DPTO_DPT
			FROM
			TPROVINCIAS PROVINCIA,
			(
				SELECT
				DEPARTAMENTO.CODI_DEPA_DPT,
				DEPARTAMENTO.NOMB_DPTO_DPT
				FROM
				TDEPARTAMENTOS DEPARTAMENTO
				<dynamic prepend="WHERE">
					<isNotNull prepend="AND" property="nombDptoDpt"> DEPARTAMENTO.NOMB_DPTO_DPT LIKE '%' || #nombDptoDpt# || '%' </isNotNull>
				</dynamic>
			) TNIVEL1
			WHERE
			PROVINCIA.CODI_DEPA_DPT = TNIVEL1.CODI_DEPA_DPT
			<isNotNull prepend="AND" property="nombProvTpr"> PROVINCIA.NOMB_PROV_TPR LIKE '%' || #nombProvTpr# || '%' </isNotNull>
		) TNIVEL2
		WHERE
		LUGAR.IND_DEL = '1' 
		AND SUBSTR(LUGAR.COD_UBIGEO, 1, 2) = TNIVEL2.CODI_DEPA_DPT 
		AND SUBSTR(LUGAR.COD_UBIGEO, 3, 2) = TNIVEL2.CODI_PROV_TPR
		<isNotNull prepend="AND" property="filtroSufijoUbigeo"> LUGAR.COD_UBIGEO LIKE TNIVEL2.CODI_DEPA_DPT || TNIVEL2.CODI_PROV_TPR || #filtroSufijoUbigeo# </isNotNull>
		<isNotNull prepend="AND" property="nombLugar"> LUGAR.NOM_LUGAR LIKE '%' || #nombLugar# || '%' </isNotNull>
		<isNotNull prepend="AND" property="codigoLugar"> LUGAR.COD_LUGAR = #codigoLugar# </isNotNull>
		ORDER BY TNIVEL2.NOMB_DPTO_DPT, TNIVEL2.NOMB_PROV_TPR
		
	</select>

	<select id="obtenerLugaresByCodigo" parameterClass="java.util.HashMap" resultMap="lugarList">
		SELECT
			LUGAR.COD_LUGAR, 
			LUGAR.COD_UBIGEO, 
			LUGAR.NOM_LUGAR,
			LUGAR.COD_UBIGEO
		FROM 
			TXXX8LUGARUBIGEO LUGAR
		WHERE
			LUGAR.IND_DEL = '1'
			AND LUGAR.COD_LUGAR = #codigoLugar#
	</select>		

</sqlMap>