<?xml version="1.0" encoding="UTF-8"?>
<application xmlns:xsi="http://www.w3.org/2001/XMLSchema-instance" xmlns="http://java.sun.com/xml/ns/javaee" xmlns:application="http://java.sun.com/xml/ns/javaee/application_5.xsd" xsi:schemaLocation="http://java.sun.com/xml/ns/javaee http://java.sun.com/xml/ns/javaee/application_5.xsd" id="Application_ID" version="5">

	<display-name>recurso2-financiera-siga-viaticos</display-name>

 	<module>
    	<web>
    		<web-uri>iasiga-viatico-solicitud-1.0.0.war</web-uri>
    		<context-root>/ol-at-iasiga-viatico-solicitud</context-root>
    	</web>
  	</module>
	
	<module>
		<java>lib/recurso2-financiera-viatico-controller-1.0.0.jar</java>
	</module>
	
</application>