<?xml version="1.0" encoding="UTF-8"?>
<beans xmlns="http://www.springframework.org/schema/beans"
	xmlns:xsi="http://www.w3.org/2001/XMLSchema-instance"
	xmlns:context="http://www.springframework.org/schema/context"
	xmlns:mvc="http://www.springframework.org/schema/mvc"
	xsi:schemaLocation="http://www.springframework.org/schema/mvc http://www.springframework.org/schema/mvc/spring-mvc.xsd
		http://www.springframework.org/schema/beans http://www.springframework.org/schema/beans/spring-beans.xsd
		http://www.springframework.org/schema/context http://www.springframework.org/schema/context/spring-context.xsd">
	
	<!-- Para el uso de  Anotaciones Spring MVC @Controller -->
	<mvc:annotation-driven>
		<!-- 
	    <mvc:message-converters register-defaults="true">
	        <bean class="org.springframework.http.converter.json.MappingJackson2HttpMessageConverter">
	            <property name="objectMapper">
	                <bean class="com.fasterxml.jackson.databind.ObjectMapper">
	                    <property name="serializationInclusion">
	                        <value type="com.fasterxml.jackson.annotation.JsonInclude.Include">NON_NULL</value>
	                    </property>
	                </bean>
	            </property>
	        </bean>
	    </mvc:message-converters>
	    -->
	</mvc:annotation-driven>
	
	<!-- Escanear solo los paquetes correspondientes al Controller --> 
	<context:component-scan base-package="pe.gob.sunat.megaproceso2.macroproceso.proceso.web.controller"/>

	<!-- Configurar el Resolver para JSP -->
	<bean id="viewResolver" class="org.springframework.web.servlet.view.UrlBasedViewResolver">
		<property name="viewClass" value="org.springframework.web.servlet.view.JstlView" />
		<property name="prefix" value="/WEB-INF/jsp/" />
		<property name="suffix" value=".jsp" />
	</bean>	
</beans>
