<beans xmlns="http://www.springframework.org/schema/beans"
	xmlns:xsi="http://www.w3.org/2001/XMLSchema-instance"
	xsi:schemaLocation="http://www.springframework.org/schema/beans 
		http://www.springframework.org/schema/beans/spring-beans-2.5.xsd">

	
	
	<bean id="jsonViewResolver" class="org.springframework.web.servlet.view.XmlViewResolver">
		<property name="order" value="1" />	
		<property name="location" value="/WEB-INF/itnotificacion-afiliacion-jsonview.xml" />
	</bean>

	<bean id="viewResolver" class="org.springframework.web.servlet.view.InternalResourceViewResolver">
		<property name="order" value="2" />
		<property name="viewClass" value="org.springframework.web.servlet.view.JstlView" />
		<property name="prefix"><value>/WEB-INF/jsp/</value></property>
		<property name="suffix"><value>.jsp</value></property>
	</bean>
	
	<!-- Pagina de mensajes de error para este ear -->
	<bean class="org.springframework.web.servlet.ModelAndView" id="msgView">
		<constructor-arg value="PagM" type="java.lang.String" />
	</bean>	
	
	<bean id="methodNameResolver"
		class="org.springframework.web.servlet.mvc.multiaction.ParameterMethodNameResolver">
		<property name="paramName" value="action" />
	</bean>

	<bean name="secureHandlerMapping" class="org.springframework.web.servlet.handler.SimpleUrlHandlerMapping">
		<property name="urlMap">
			<props>
				<prop key="/afiliacion.htm">/afiliacion.htm</prop>
				
			</props>
		</property>
	</bean>
	
	
	
	

	
	<!-- CONFIGURACIONES -->
	<bean id="messageSource" class="org.springframework.context.support.ReloadableResourceBundleMessageSource"> 
		<property name="basenames">
			<list>
				<value>classpath:itnotificacion-afiliacion</value>
			</list>
		</property>
		<property name="defaultEncoding" value="ISO-8859-1" />
	</bean>

	<bean id="multipartResolver" class="org.springframework.web.multipart.commons.CommonsMultipartResolver">
		<property name="maxUploadSize" value="5242880" />
	</bean>
	
	<!-- Definicion del archivo de configuracion del log4j para este ear -->
	<bean id="log4jInitialization" class="org.springframework.beans.factory.config.MethodInvokingFactoryBean">
		<property name="targetClass" value="org.springframework.util.Log4jConfigurer" />
		<property name="targetMethod" value="initLogging" />
		<property name="arguments">
			<list>
				<value>/logs/apps/config/iqbf2-registro-notificacion.config</value>
			</list>
		</property>
	</bean>
	
	<!-- CONTROLLERS =====================================================================================-->
	<bean name="/afiliacion.htm" class="pe.gob.sunat.iqbf2.registro.notificacion.afiliacion.web.controller.RegistroAfiliacionController" scope="request">
		
		<property name="methodNameResolver" ref="methodNameResolver" />
		<property name="jsonView" value="jsonView" />
		<property name="registroAfiliacionService" ref="notificacion.registroAfiliacionService" />
				
	</bean>
	

</beans>