<?xml version="1.0" encoding="UTF-8"?>
<beans xmlns="http://www.springframework.org/schema/beans"
    xmlns:xsi="http://www.w3.org/2001/XMLSchema-instance"
     xsi:schemaLocation="http://www.springframework.org/schema/beans 
	http://www.springframework.org/schema/beans/spring-beans-2.5.xsd
	http://www.springframework.org/schema/jee http://www.springframework.org/schema/jee/spring-jee-2.5.xsd">
	
	<!-- Aquí deben de ir todos los servicios que son afectados por el ear  -->
	<bean id="notificacion.ear.context" class="org.springframework.context.support.ClassPathXmlApplicationContext">
        <constructor-arg>
            <list>
                <value>framework-data.xml</value>
              	<value>notificacion.xml</value>
            </list>
        </constructor-arg>
    </bean>
    
</beans>
