<?xml version="1.0" encoding="UTF-8"?>
<application xmlns:xsi="http://www.w3.org/2001/XMLSchema-instance" xmlns="http://java.sun.com/xml/ns/javaee" xmlns:application="http://java.sun.com/xml/ns/javaee/application_5.xsd" xsi:schemaLocation="http://java.sun.com/xml/ns/javaee http://java.sun.com/xml/ns/javaee/application_5.xsd" id="Application_ID" version="5">

	<display-name>iqbf2-registro-notificacion</display-name>

 	<module>
    	<web>
    		<web-uri>ianotificacion-documento-1.0.0.war</web-uri>
    		<context-root>/ol-ia-iqbf2-notificacion-documento</context-root>
    	</web>
  	</module>
	<module>
    	<web>
    		<web-uri>itnotificacion-afiliacion-1.0.0.war</web-uri>
    		<context-root>/ol-it-iqbf2-notificacion-afiliacion</context-root>
    	</web>
  	</module>
	<module>
		<java>lib/iqbf2-registro-notificacion-controller-1.0.0.jar</java>
	</module>
	
</application>