<?xml version="1.0" encoding="UTF-8"?>
<wls:weblogic-web-app xmlns:wls="http://www.bea.com/ns/weblogic/weblogic-web-app"
	xmlns:xsi="http://www.w3.org/2001/XMLSchema-instance"
	xsi:schemaLocation="http://java.sun.com/xml/ns/javaee http://java.sun.com/xml/ns/javaee/web-app_2_5.xsd http://www.bea.com/ns/weblogic/weblogic-web-app http://www.bea.com/ns/weblogic/weblogic-web-app/1.0/weblogic-web-app.xsd">

	<wls:description>Modulo de Notificacion</wls:description>
	<wls:weblogic-version>10.3</wls:weblogic-version>
 
	
	<wls:session-descriptor>	
		<wls:tracking-enabled>true</wls:tracking-enabled>
		<wls:cookie-name>IANOTIFICACIONDOCUMENTOSESSION</wls:cookie-name>
		<wls:persistent-store-type>replicated_if_clustered</wls:persistent-store-type> 
	</wls:session-descriptor>

	<wls:jsp-descriptor>
		<wls:keepgenerated>true</wls:keepgenerated>
		<wls:print-nulls>false</wls:print-nulls>
	</wls:jsp-descriptor>	
	
	<wls:container-descriptor>
		<wls:session-monitoring-enabled>true</wls:session-monitoring-enabled>
	</wls:container-descriptor>
	
</wls:weblogic-web-app>