<beans xmlns="http://www.springframework.org/schema/beans"
	xmlns:xsi="http://www.w3.org/2001/XMLSchema-instance"
	xsi:schemaLocation="http://www.springframework.org/schema/beans 
		http://www.springframework.org/schema/beans/spring-beans-2.5.xsd">

	 <bean id="excelViewResolver" class="org.springframework.web.servlet.view.XmlViewResolver">
<!-- 	   <property name="order" value="0" /> -->
	   <property name="location" value="/WEB-INF/iasiga-viatico-solicitud-excelview.xml" />
	</bean>
	
	<bean id="jsonViewResolver" class="org.springframework.web.servlet.view.XmlViewResolver">
		<property name="order" value="1" />	
		<property name="location" value="/WEB-INF/iasiga-viatico-solicitud-jsonview.xml" />
	</bean>

	<bean id="viewResolver" class="org.springframework.web.servlet.view.InternalResourceViewResolver">
		<property name="order" value="2" />
		<property name="viewClass" value="org.springframework.web.servlet.view.JstlView" />
		<property name="prefix"><value>/WEB-INF/jsp/</value></property>
		<property name="suffix"><value>.jsp</value></property>
	</bean>
	
	<!-- Pagina de mensajes de error para este ear -->
	<bean class="org.springframework.web.servlet.ModelAndView" id="msgView">
		<constructor-arg value="PagM" type="java.lang.String" />
	</bean>

 	<bean name="viatico.viaticosProcesoSingleton"
			class="pe.gob.sunat.recurso2.financiera.siga.viatico.web.singleton.ViaticosProcesoSingletonImpl" scope="singleton">
		<!-- manual -->
		<!-- constructor-arg type="java.lang.String" value="01"/-->
		 
		<!--automatica - default -->
 		<constructor-arg type="java.lang.String" value="02" />
	</bean>
	
 	<bean name="viatico.viaticosTarifarioSingleton"
			class="pe.gob.sunat.recurso2.financiera.siga.viatico.web.singleton.ViaticosTarifarioSingletonImpl" scope="singleton">
		<!-- manual -->
<!-- 		<constructor-arg type="java.lang.String" value="01"/> -->
		
		<!-- regional - default -->
		<constructor-arg type="java.lang.String" value="02"/>
	</bean>	
	
	<bean id="methodNameResolver"
		class="org.springframework.web.servlet.mvc.multiaction.ParameterMethodNameResolver">
		<property name="paramName" value="action" />
	</bean>

	<bean name="secureHandlerMapping" class="org.springframework.web.servlet.handler.SimpleUrlHandlerMapping">
		<property name="urlMap">
			<props>
				<prop key="/registrarSolicitud.htm">/registrarSolicitud.htm</prop>
				<prop key="/solicitud.htm">/solicitud.htm</prop>
				<prop key="/revisarSolicitud.htm">/revisarSolicitud.htm</prop>
				<prop key="/rendicion.htm">/rendicion.htm</prop>
				<prop key="/registrarRendicion.htm">/registrarRendicion.htm</prop>
				<prop key="/revisarRendicion.htm">/revisarRendicion.htm</prop>
				<prop key="/reembolso.htm">/reembolso.htm</prop>
				<prop key="/registrarReembolso.htm">/registrarReembolso.htm</prop>
				<prop key="/revisarReembolso.htm">/revisarReembolso.htm</prop>
				<prop key="/dependencias.htm">/dependencias.htm</prop>
				<prop key="/colaboradores.htm">/colaboradores.htm</prop>
				<prop key="/archivos.htm">/archivos.htm</prop>
				<prop key="/seguimiento.htm">/seguimiento.htm</prop>
				<prop key="/parametros.htm">/parametros.htm</prop>
				<prop key="/viatico.htm">/viatico.htm</prop>
				<prop key="/registroGeneral.htm">/registroGeneral.htm</prop>
				<prop key="/revisionGeneral.htm">/revisionGeneral.htm</prop>
				<prop key="/viaticoRpt.htm">/viaticoRpt.htm</prop>
				<prop key="/validacionViatico.htm">/validacionViatico.htm</prop>
				<prop key="/firmaElectronica.htm">/firmaElectronica.htm</prop>
			</props>
		</property>
	</bean>
	
	<bean name="/solicitud.htm" class="pe.gob.sunat.recurso2.financiera.siga.viatico.solicitud.web.controller.ConsultaSolicitudController" scope="request">
		<property name="excelView" value="excelView" />
		<property name="methodNameResolver" ref="methodNameResolver" />
		<property name="jsonView" value="jsonView" />
		<property name="registroPersonalService" ref="registro.registroPersonalService" />
		<property name="registroGeneralService" ref="registro.registroGeneralService" />
		<property name="consultaSolicitudService" ref="viatico.consultaSolicitudService" />
		<property name="viaticoGeneralService" ref="viatico.viaticoGeneralService" />
		<property name="viaticoReporteService" ref="viatico.viaticoReporteService" />
		<property name="viaticoService" ref="viatico.viaticoService" />
		<property name="viaticoConsultaService" ref="viatico.viaticoConsultaService" />
		<property name="viaticosProcesoSingleton" ref="viatico.viaticosProcesoSingleton" />
		<property name="viaticosTarifarioSingleton" ref="viatico.viaticosTarifarioSingleton" />				
	</bean>
	
	<bean name="/registrarSolicitud.htm" class="pe.gob.sunat.recurso2.financiera.siga.viatico.solicitud.web.controller.RegistroSolicitudController" scope="request">
		<property name="methodNameResolver" ref="methodNameResolver" />
		<property name="jsonView" value="jsonView" />
		<property name="viaticoService" ref="viatico.viaticoService" />
		<property name="viaticoReporteService" ref="viatico.viaticoReporteService" />
		<property name="viaticoGeneralService" ref="viatico.viaticoGeneralService" />
		<property name="registroGeneralService" ref="registro.registroGeneralService" />
		<property name="registroPersonalService" ref="registro.registroPersonalService" />		
		<property name="registroSolicitudService" ref="viatico.registroSolicitudService" />
		<property name="consultaSolicitudService" ref="viatico.consultaSolicitudService" />
		<property name="viaticoMensajeriaService" ref="viatico.viaticoMensajeriaService" />
		<property name="viaticoConsultaService" ref="viatico.viaticoConsultaService" />
		<property name="registroArchivosService" ref="registro.registroArchivosService" />
		<property name="viaticosProcesoSingleton" ref="viatico.viaticosProcesoSingleton" />
		<property name="viaticosTarifarioSingleton" ref="viatico.viaticosTarifarioSingleton" />
		<property name="registroDependenciasService" ref="registro.registroDependenciasService" />
	</bean>
	
	<bean name="/revisarSolicitud.htm" class="pe.gob.sunat.recurso2.financiera.siga.viatico.solicitud.web.controller.RevisionSolicitudController" scope="request">
		<property name="methodNameResolver" ref="methodNameResolver" />
		<property name="jsonView" value="jsonView" />
		<property name="revisionSolicitudService" ref="viatico.revisionSolicitudService" />
		<property name="viaticoConsultaService" ref="viatico.viaticoConsultaService" />
		<property name="viaticoReporteService" ref="viatico.viaticoReporteService" />
		<property name="viaticoMensajeriaService" ref="viatico.viaticoMensajeriaService" />
		<property name="registroPersonalService" ref="registro.registroPersonalService" />
		<property name="registroGeneralService" ref="registro.registroGeneralService" />
		<property name="registroDependenciaService" ref="registro.registroDependenciasService" />
	</bean>
	
	<bean name="/rendicion.htm" class="pe.gob.sunat.recurso2.financiera.siga.viatico.rendicion.web.controller.ConsultaRendicionController" scope="request">
		<property name="methodNameResolver" ref="methodNameResolver" />
		<property name="jsonView" value="jsonView" />
		<property name="consultaRendicionService" ref="viatico.consultaRendicionService" />
		<property name="viaticoGeneralService" ref="viatico.viaticoGeneralService" />
		<property name="viaticoConsultaService" ref="viatico.viaticoConsultaService" />
		<property name="viaticoReporteService" ref="viatico.viaticoReporteService" />
		<property name="registroPersonalService" ref="registro.registroPersonalService" />
		<property name="registroGeneralService" ref="registro.registroGeneralService" />
		<property name="viaticosProcesoSingleton" ref="viatico.viaticosProcesoSingleton" />
	</bean>
	
	<bean name="/registrarRendicion.htm" class="pe.gob.sunat.recurso2.financiera.siga.viatico.rendicion.web.controller.RegistroRendicionController" scope="request">
		<property name="methodNameResolver" ref="methodNameResolver" />
		<property name="jsonView" value="jsonView" />
		<property name="registroRendicionService" ref="viatico.registroRendicionService" />
		<property name="consultaRendicionService" ref="viatico.consultaRendicionService" />
		<property name="viaticoConsultaService" ref="viatico.viaticoConsultaService" />
		<property name="registroPersonalService" ref="registro.registroPersonalService" />
		<property name="viaticosProcesoSingleton" ref="viatico.viaticosProcesoSingleton" />
		<property name="consultaSolicitudService" ref="viatico.consultaSolicitudService" />
	</bean>
	
	<bean name="/revisarRendicion.htm" class="pe.gob.sunat.recurso2.financiera.siga.viatico.rendicion.web.controller.RevisionRendicionController" scope="request">
		<property name="methodNameResolver" ref="methodNameResolver" />
		<property name="jsonView" value="jsonView" />
		<property name="revisionRendicionService" ref="viatico.revisionRendicionService" />
		<property name="viaticoConsultaService" ref="viatico.viaticoConsultaService" />
		<property name="viaticoGeneralService" ref="viatico.viaticoGeneralService" />
		<property name="viaticoReporteService" ref="viatico.viaticoReporteService" />
		<property name="viaticoMensajeriaService" ref="viatico.viaticoMensajeriaService" />
		<property name="registroPersonalService" ref="registro.registroPersonalService" />
		<property name="registroGeneralService" ref="registro.registroGeneralService" />
	</bean>
	
	<bean name="/reembolso.htm" class="pe.gob.sunat.recurso2.financiera.siga.viatico.reembolso.web.controller.ConsultaReembolsoController" scope="request">
		<property name="methodNameResolver" ref="methodNameResolver" />
		<property name="jsonView" value="jsonView" />
		<property name="consultaReembolsoService" ref="viatico.consultaReembolsoService" />
		<property name="registroPersonalService" ref="registro.registroPersonalService" />
        <property name="viaticoGeneralService" ref="viatico.viaticoGeneralService" />
        <property name="consultaSolicitudService" ref="viatico.consultaSolicitudService" />
        <property name="viaticoConsultaService" ref="viatico.viaticoConsultaService" />
        <property name="viaticoReporteService" ref="viatico.viaticoReporteService" />
        <property name="revisionReembolsoService" ref="viatico.revisionReembolsoService" />
	</bean>
	
	<bean name="/registrarReembolso.htm" class="pe.gob.sunat.recurso2.financiera.siga.viatico.reembolso.web.controller.RegistroReembolsoController" scope="request">
		<property name="methodNameResolver" ref="methodNameResolver" />
		<property name="jsonView" value="jsonView" />
		<property name="viaticoService" ref="viatico.viaticoService" />
		<property name="viaticoReporteService" ref="viatico.viaticoReporteService" />
		<property name="viaticoGeneralService" ref="viatico.viaticoGeneralService" />
		<property name="registroGeneralService" ref="registro.registroGeneralService" />
		<property name="registroPersonalService" ref="registro.registroPersonalService" />
		<property name="registroReembolsoService" ref="viatico.registroReembolsoService" />
		<property name="consultaSolicitudService" ref="viatico.consultaSolicitudService" />
		<property name="consultaRendicionService" ref="viatico.consultaRendicionService" />
		<property name="consultaReembolsoService" ref="viatico.consultaReembolsoService" />
		<property name="viaticoMensajeriaService" ref="viatico.viaticoMensajeriaService" />
		<property name="viaticoConsultaService" ref="viatico.viaticoConsultaService" />
		<property name="registroArchivosService" ref="registro.registroArchivosService" />
		<property name="viaticosProcesoSingleton" ref="viatico.viaticosProcesoSingleton" />
		<property name="viaticosTarifarioSingleton" ref="viatico.viaticosTarifarioSingleton" />
		<property name="registroDependenciasService" ref="registro.registroDependenciasService" />
	</bean>
	
	<bean name="/revisarReembolso.htm" class="pe.gob.sunat.recurso2.financiera.siga.viatico.reembolso.web.controller.RevisionReembolsoController" scope="request">
		<property name="methodNameResolver" ref="methodNameResolver" />
		<property name="jsonView" value="jsonView" />
		<property name="revisionReembolsoService" ref="viatico.revisionReembolsoService" />
		<property name="viaticoConsultaService" ref="viatico.viaticoConsultaService" />
		<property name="viaticoReporteService" ref="viatico.viaticoReporteService" />
		<property name="viaticoMensajeriaService" ref="viatico.viaticoMensajeriaService" />
		<property name="registroPersonalService" ref="registro.registroPersonalService" />
	</bean>
	
	<bean name="/dependencias.htm" class="pe.gob.sunat.recurso2.administracion.siga.registro.web.controller.ConsultaDependenciasController" scope="request">
		<property name="methodNameResolver" ref="methodNameResolver" />
		<property name="jsonView" value="jsonView" />
		<property name="registroDependenciasService" ref="registro.registroDependenciasService" />
	</bean>

	<bean name="/colaboradores.htm" class="pe.gob.sunat.recurso2.administracion.siga.registro.web.controller.ConsultaColaboradorController" scope="request">
		<property name="methodNameResolver" ref="methodNameResolver" />
		<property name="jsonView" value="jsonView" />
		<property name="registroPersonalService" ref="registro.registroPersonalService" />
	</bean>

	<bean name="/archivos.htm" class="pe.gob.sunat.recurso2.administracion.siga.archivo.web.controller.RegistroArchivosController" scope="request">
		<property name="methodNameResolver" ref="methodNameResolver" />
		<property name="jsonView" value="jsonView" />
		<property name="registroArchivosService" ref="registro.registroArchivosService" />
	</bean>


	<bean name="/viatico.htm" class="pe.gob.sunat.recurso2.financiera.siga.viatico.web.controller.ConsultaGeneralController" scope="request">

		<property name="methodNameResolver" ref="methodNameResolver" />
		<property name="jsonView" value="jsonView" />
		<property name="registroGeneralService" ref="registro.registroGeneralService" />
		<property name="viaticoGeneralService" ref="viatico.viaticoGeneralService" />
		<property name="viaticoConsultaService" ref="viatico.viaticoConsultaService" />
		<property name="viaticoService" ref="viatico.viaticoService" />
		<property name="consultaSolicitudService" ref="viatico.consultaSolicitudService" />
		<property name="registroPersonalService" ref="registro.registroPersonalService" />
		<property name="registroArchivosService" ref="registro.registroArchivosService" />
		<property name="consultaRendicionService" ref="viatico.consultaRendicionService" />
		<property name="registroExpedienteService" ref="registro.registroExpedienteService" />
		
	</bean>

	<bean name="/parametros.htm" class="pe.gob.sunat.recurso2.administracion.siga.registro.web.controller.ConsultaParametrosController" scope="request">
		<property name="methodNameResolver" ref="methodNameResolver" />
		<property name="jsonView" value="jsonView" />
		<property name="registroGeneralService" ref="registro.registroGeneralService" />
	</bean>

	<bean name="/seguimiento.htm" class="pe.gob.sunat.recurso2.administracion.siga.expediente.web.controller.ConsultaExpedienteController" scope="request">
		<property name="methodNameResolver" ref="methodNameResolver" />
		<property name="jsonView" value="jsonView" />
		<property name="registroExpedienteService" ref="registro.registroExpedienteService"></property>
	</bean>
	
	<bean name="/registroGeneral.htm" class="pe.gob.sunat.recurso2.financiera.siga.viatico.web.controller.RegistroGeneralController" scope="request">
		<property name="methodNameResolver" ref="methodNameResolver" />
		<property name="jsonView" value="jsonView" />
		<property name="registroPersonalService" ref="registro.registroPersonalService" />
		<property name="registroArchivosService" ref="registro.registroArchivosService" />
		<property name="consultaSolicitudService" ref="viatico.consultaSolicitudService" />
		<property name="consultaRendicionService" ref="viatico.consultaRendicionService" />
		<property name="registroRendicionService" ref="viatico.registroRendicionService" />
		<property name="registroSolicitudService" ref="viatico.registroSolicitudService" />
		<property name="viaticoRegistroService" ref="viatico.viaticoRegistroService" />
		<property name="uploadDir" value="/data0/tempo/"/>
	</bean>
	
	<bean name="/revisionGeneral.htm" class="pe.gob.sunat.recurso2.financiera.siga.viatico.web.controller.RevisionGeneralController" scope="request">
		<property name="methodNameResolver" ref="methodNameResolver" />
		<property name="jsonView" value="jsonView" />
		<property name="revisionSolicitudService" ref="viatico.revisionSolicitudService" />
		<property name="revisionReembolsoService" ref="viatico.revisionReembolsoService" />
		<property name="viaticoConsultaService" ref="viatico.viaticoConsultaService" />
		<property name="viaticoMensajeriaService" ref="viatico.viaticoMensajeriaService" />
		<property name="registroSolicitudService" ref="viatico.registroSolicitudService" />
		<property name="registroReembolsoService" ref="viatico.registroReembolsoService" />
	</bean>
	
	<bean name="/firmaElectronica.htm" class="pe.gob.sunat.recurso2.financiera.siga.viatico.web.controller.FirmaController" scope="request">
		<property name="methodNameResolver" ref="methodNameResolver" />
		<property name="jsonView" value="jsonView" />
		<property name="consultaFirmaService" ref="consultaFirmaService" />
		<property name="validarFirmaService" ref="validarFirmarService" />
		<property name="validadorLdapServiceImpl" ref="validadorLdapService" />
		<property name="registroPersonalService" ref="registro.registroPersonalService" />
		<property name="registroArchivosService" ref="registro.registroArchivosService" />
		<property name="viaticoReporteService" ref="viatico.viaticoReporteService" />
		<property name="consultaSolicitudService" ref="viatico.consultaSolicitudService" />
		<property name="viaticosProcesoSingleton" ref="viatico.viaticosProcesoSingleton" />
		<property name="registroDependenciasService" ref="registro.registroDependenciasService" />
		<property name="viaticoConsultaService" ref="viatico.viaticoConsultaService" />
		<property name="registroSolicitudService" ref="viatico.registroSolicitudService" />
	</bean>
	
	
	<!-- CONFIGURACIONES -->
	<bean id="messageSource" class="org.springframework.context.support.ReloadableResourceBundleMessageSource"> 
		<property name="basenames">
			<list>
				<value>classpath:iasiga-viatico-viatico</value>
				<value>classpath:iasiga-viatico-rendicion</value>
				<value>classpath:iasiga-viatico-reembolso</value>
				<value>classpath:iasiga-viatico-solicitud</value>
				<value>classpath:iasiga-viatico-comprobante-pago</value>
				<value>classpath:iasiga-viatico-correo</value>
			</list>
		</property>
		<property name="defaultEncoding" value="ISO-8859-1" />
	</bean>

	<bean id="multipartResolver" class="org.springframework.web.multipart.commons.CommonsMultipartResolver">
		<property name="maxUploadSize" value="5242880" />
	</bean>
	
	<!-- Definicion del archivo de configuracion del log4j para este ear -->
	<bean id="log4jInitialization" class="org.springframework.beans.factory.config.MethodInvokingFactoryBean">
		<property name="targetClass" value="org.springframework.util.Log4jConfigurer" />
		<property name="targetMethod" value="initLogging" />
		<property name="arguments">
			<list>
				<value>/logs/apps/config/recurso2-financiera-siga-viaticos.config</value>
			</list>
		</property>
	</bean>
	
	<bean name="/viaticoRpt.htm" class="pe.gob.sunat.recurso2.financiera.siga.viatico.web.controller.ViaticoReporteController" scope="request">
		<property name="methodNameResolver" ref="methodNameResolver" />
		<property name="viaticoReporteService" ref="viatico.viaticoReporteService" />
		<property name="registroSolicitudService" ref="viatico.registroSolicitudService" />
		<property name="consultaSolicitudService" ref="viatico.consultaSolicitudService" />
		<property name="viaticosProcesoSingleton" ref="viatico.viaticosProcesoSingleton" />
	</bean>
	
	<bean name="/validacionViatico.htm" class="pe.gob.sunat.recurso2.financiera.siga.viatico.solicitud.web.controller.ViaticoProcesoController" scope="request">
		<property name="methodNameResolver" ref="methodNameResolver" />
		<property name="viaticoProcesoService" ref="viatico.viaticoProcesoService" />	
	</bean>

</beans>