<?xml version="1.0" encoding="UTF-8"?>
<application xmlns:xsi="http://www.w3.org/2001/XMLSchema-instance" xmlns="http://java.sun.com/xml/ns/javaee" xmlns:application="http://java.sun.com/xml/ns/javaee/application_5.xsd" xsi:schemaLocation="http://java.sun.com/xml/ns/javaee http://java.sun.com/xml/ns/javaee/application_5.xsd" id="Application_ID" version="5">

	<display-name>recurso2-financiera-siga-viaticos-sharedlib</display-name>
	
	<module>
		<java>lib/recurso2-financiera-viatico-model-1.0.0.jar</java>
	</module>
	<module>
		<java>lib/recurso2-financiera-viatico-dao-ifz-1.0.0.jar</java>
	</module>
	<module>
		<java>lib/recurso2-financiera-viatico-dao-imp-1.0.0.jar</java>
	</module>
	<module>
		<java>lib/recurso2-financiera-viatico-service-ifz-1.0.0.jar</java>
	</module>
	<module>
		<java>lib/recurso2-financiera-viatico-service-imp-1.0.0.jar</java>
	</module>

	
</application>